index,rho,total_istar,pressure_offset_istar,bootstrap_istar,driven_istar,istar_per_jparallel,cppr_norm,tmf_norm,cid0,cid2,reconstructed_total_istar,rb2av
0,0.0,1.5958785,-1.2255949776406077,0.0007708851787941538,2.8207025924618137,1.7537977726014364,-0.62309661,1.121533034049903,1.2377440535613644,0.0,1.5958785000000002,0.5166562735992435
1,0.0045454545455,1.5958715,-0.0006692450181274168,0.00041286821825537763,1.596127876799872,0.9923932740298991,-0.62321202,1.1215293245170919,1.1119231357762893,1.2363743479226639,1.5958714999999999,1.016370508045373
2,0.0090909090909,1.5957719,-0.0023408545490567574,0.000398207385266352,1.5977145471637901,0.9934201876359341,-0.62290282,1.1215182229361256,1.1103704322028518,1.2329340824684838,1.5957718999999997,1.0167295941921801
3,0.013636363636,1.5955811,-0.003986443444206688,0.00019898078052549132,1.5993685626636813,0.9944225929815455,-0.62218058,1.1214997116664782,1.1088084494667148,1.2294883207762397,1.5955811000000002,1.0171187415282918
4,0.018181818182,1.5953007,-0.005600709646834343,-8.322445045713371e-05,1.6009846340972915,0.9953973666546863,-0.62105689,1.12147377296866,1.107237181396241,1.2260370990696408,1.5953007000000001,1.017541130209119
5,0.022727272727,1.5949323,-0.007178680083159771,-0.0003879960994235395,1.6024989761825832,0.996341537064421,-0.61954334,1.1214403812107145,1.105656621819793,1.2225804535723954,1.5949323,1.017999776723885
6,0.027272727273,1.5944773,-0.00871578469539558,-0.0006789862529737491,1.6038720709483694,0.9972523807771526,-0.6176515,1.1213995023486554,1.1040667645657334,1.2191184205082128,1.5944773,1.0184974373822897
7,0.031818181818,1.5939374,-0.010208213991597444,-0.0009345816048657665,1.605080195596463,0.9981279323688178,-0.61539295,1.1213510947181835,1.1024676038047347,1.2156510364225799,1.5939374,1.0190360907008096
8,0.036363636364,1.5933144,-0.011652249280685131,-0.0011424161129195592,1.6061090653936048,0.9989660168321924,-0.61277927,1.1212951092573609,1.1008591325165407,1.2121783367414871,1.5933144000000001,1.0196179296816599
9,0.040909090909,1.5926098,-0.01304419149960158,-0.001295991144522695,1.6069499826441243,0.9997641353450779,-0.60982205,1.1212314900014355,1.099241344276089,1.208700357445951,1.5926098,1.0202454784938038
10,0.045454545455,1.5918256,-0.014381034347236686,-0.0013925456113562439,1.6075991799585925,1.0005204423749625,-0.60653287,1.1211601742807706,1.0976142317756363,1.2052171337007929,1.5918255999999995,1.0209205986004288
11,0.05,1.5909634,-0.015660051272434566,-0.0014316884990495504,1.6080551397714842,1.001233148195067,-0.60292331,1.1210810932651536,1.0959777878891157,1.20172870083546,1.5909634000000001,1.0216451001004025
12,0.054545454545,1.5900252,-0.016879508236201334,-0.001414510143584647,1.608319218379786,1.0019015814903287,-0.59900494,1.1209941721864667,1.0943320050334566,1.1982350937650839,1.5900252000000001,1.0224196597619766
13,0.059090909091,1.5890126,-0.01803740352372309,-0.0013429672541173231,1.6083929707778404,1.002524337077061,-0.59478936,1.1208993308582547,1.092676875363487,1.194736347164123,1.5890126,1.023245712454956
14,0.063636363636,1.5879277,-0.019132382890141554,-0.001219505443079765,1.6082795883332215,1.0031006392121797,-0.59028814,1.1207964838983953,1.091012391023027,1.1912324957000207,1.5879277000000003,1.0241240608764495
15,0.068181818182,1.5867722,-0.020163131522663805,-0.0010468083559053167,1.6079821398785692,1.0036294415181364,-0.58551287,1.1206855411744423,1.089338543439229,1.1877235733976874,1.5867722,1.0250557960141402
16,0.072727272727,1.5855481,-0.02112896783715252,-0.0008276410181974408,1.6075047088553505,1.0041103364335668,-0.58047511,1.1205664081994864,1.0876553244745741,1.1842096146695356,1.5855481000000005,1.0260413685061462
17,0.077272727273,1.5842573,-0.022029790974285125,-0.0005647549069034663,1.606851845881189,1.0045435048784968,-0.57518647,1.1204389864537911,1.08596272487236,1.1806906529419032,1.5842573000000002,1.027080640986456
18,0.081818181818,1.5829017,-0.022865476145328224,-0.0002607957292919894,1.6060279718746202,1.0049288115937292,-0.56965851,1.1203031737311706,1.0842607360676981,1.1771667222457198,1.5829017,1.0281738106192206
19,0.086363636364,1.5814831,-0.023636017579336328,8.172311156804174e-05,1.6050373944677687,1.0052660221602034,-0.56390282,1.1201588645595915,1.082549348315003,1.173637855588224,1.5814831000000005,1.0293211900979107
20,0.090909090909,1.5800037,-0.024341922821915902,0.00045991215419038836,1.6038857106677258,1.005555441570085,-0.55793097,1.1200059505475506,1.0808285523808345,1.1701040864166063,1.5800037000000002,1.030522552510189
21,0.095454545455,1.5784653,-0.024983733340002034,0.0008691215436288417,1.6025799117963728,1.0057971978394065,-0.55175426,1.1198443207551942,1.0790983382172787,1.1665654474837008,1.5784652999999997,1.0317778653685514
22,0.1,1.5768697,-0.02556256089390585,0.001307201259349818,1.6011250596345563,1.0059921210055276,-0.54538378,1.1196738619169888,1.0773586958379529,1.1630219715918608,1.5768697000000003,1.0330863879893948
23,0.10454545455,1.5752187,-0.02607951094550801,0.001772496690472434,1.5995257142550354,1.0061408293527232,-0.5388306,1.119494458936547,1.0756096149025467,1.1594736912481138,1.5752186999999997,1.0344476075000926
24,0.10909090909,1.5735144,-0.02653595574016022,0.0022634892799457615,1.5977868664602146,1.0062441859699338,-0.5321058,1.1193059950350752,1.073851084652471,1.1559206386064955,1.5735144,1.0358607696261288
25,0.11363636364,1.5717586,-0.026933249904073427,0.0027787799421712333,1.595913069961902,1.0063028436245247,-0.52522047,1.119108352320423,1.072083094454269,1.152362845927562,1.5717585999999997,1.0373253455750622
26,0.11818181818,1.569953,-0.027272856509510973,0.0033170777463330044,1.593908778763178,1.006317465215502,-0.51818567,1.1189014119602707,1.0703056327682208,1.148800344722407,1.5699530000000002,1.0388408063969496
27,0.12272727273,1.5680997,-0.02755688691040858,0.003877189929864746,1.591779396980544,1.0062896769486442,-0.51101248,1.1186850546274745,1.0685186886556142,1.1452331669952318,1.5680997000000003,1.0404056358014804
28,0.12727272727,1.5662002,-0.027787156196319884,0.0044602131241819115,1.589527143072138,1.0062204708080844,-0.50371205,1.1184591607969592,1.066722249873621,1.14166134368907,1.5662002000000002,1.0420189780144036
29,0.13181818182,1.5642567,-0.02796582777358484,0.0050778094491977155,1.5871447183243874,1.0061111844609039,-0.49629705,1.1182236113395108,1.0649163049258834,1.1380849063497775,1.5642567000000003,1.0436796240226234
30,0.13636363636,1.5622712,-0.028095091713940448,0.005730028673755337,1.5846362630401851,1.005962934290344,-0.4887817,1.117978288214531,1.0631008411378888,1.1345038855793452,1.5622712,1.0453865992752784
31,0.14090909091,1.560246,-0.02817743457604196,0.0064148376095891435,1.5820085969664532,1.0057772607162243,-0.48118028,1.1177230752122753,1.061275846253783,1.1309183123115072,1.5602460000000005,1.0471384920205598
32,0.14545454545,1.5581831,-0.028215489043043964,0.007130357479677865,1.579268231563366,1.0055559015478637,-0.47350707,1.1174578583002308,1.0594413072758233,1.1273282168956342,1.5581831,1.0489336860616585
33,0.15,1.5560844,-0.028211938163075226,0.007874852822745535,1.5764214853403296,1.0053006406954377,-0.46577635,1.1171825261674246,1.05759721112744,1.1237336296163565,1.5560843999999998,1.050770515515361
34,0.15454545455,1.553952,-0.028169421733938407,0.00864724523699102,1.5734741764969478,1.0050131476465864,-0.45800238,1.1168969705708014,1.0557435444951588,1.1201345805764047,1.5539520000000004,1.052647431655643
35,0.15909090909,1.5517877,-0.0280904214020274,0.009453467112263468,1.5704246542897642,1.0046948386542085,-0.45019872,1.1166010868795306,1.0538802934610128,1.1165310994075388,1.5517877000000002,1.0545631495321384
36,0.16363636364,1.5495933,-0.027977401311041435,0.01029460920229874,1.5672760921087425,1.0043472196276226,-0.44237776,1.1162947740502664,1.052007444391558,1.1129232159625408,1.5495932999999997,1.0565162881740837
37,0.16818181818,1.5473705,-0.027832905791521454,0.011169467831154573,1.5640339379603672,1.0039719763236588,-0.4345518,1.115977934973525,1.050124982517949,1.1093109592251351,1.5473705000000002,1.0585052752963602
38,0.17272727273,1.5451208,-0.02765950316053609,0.012076919117351701,1.560703384043184,1.0035708766220148,-0.42673311,1.1156504767953201,1.048232893869871,1.1056943587853896,1.5451207999999996,1.0605284458350561
39,0.17727272727,1.5428458,-0.027459693003352804,0.01301595536942763,1.5572895376339253,1.0031455828930111,-0.41893399,1.11531231141199,1.0463311629468421,1.1020734430793881,1.5428458,1.062584241513293
40,0.18181818182,1.540547,-0.02723585839472196,0.01399029828591972,1.5537925601088025,1.0026975886907261,-0.41116648,1.1149633556928684,1.0444197750617317,1.0984482411524574,1.5405470000000003,1.0646712762896398
41,0.18636363636,1.5382259,-0.026990326604305677,0.015001927050295131,1.5502142995540107,1.002228421845035,-0.40344187,1.1146035318514025,1.042498714346081,1.094818781171882,1.5382259,1.0667881239092998
42,0.19090909091,1.5358837,-0.026725338351296892,0.016049672225480524,1.5465593661258168,1.0017394920905596,-0.39577135,1.114232767618343,1.0405679652392605,1.0911850915305197,1.5358837000000005,1.068933477981684
43,0.19545454545,1.5335217,-0.026443258709650863,0.017132443224763507,1.542832515484887,1.0012325657599774,-0.38816607,1.1138509965386394,1.038627511521569,1.0875472001395983,1.5335216999999997,1.0711056463433601
44,0.2,1.5311411,-0.02614631486361684,0.018251881452551796,1.5390355334110648,1.000709184665193,-0.38063717,1.1134581584167822,1.0366773367248017,1.0839051347261903,1.5311410999999997,1.0733031688430432
45,0.20454545455,1.5287431,-0.025836596455820787,0.01942177555933983,1.5351579208964812,1.0001707992390652,-0.37319488,1.1130541995642158,1.034717424282628,1.0802589229488408,1.5287431000000002,1.0755246766916469
46,0.20909090909,1.5263285,-0.02551597410487146,0.02064315924040466,1.5312013148644668,0.9996185632333247,-0.36584856,1.1126390726014082,1.0327477567966252,1.0766085918640786,1.5263285,1.077769115130615
47,0.21363636364,1.5238983,-0.025186385507384498,0.021914813950392752,1.5271698715569917,0.999053875657682,-0.35860757,1.1122127368784533,1.0307683173453102,1.0729541688716062,1.5238983,1.080035160404722
48,0.21818181818,1.5214534,-0.024849771977028274,0.023235964729571703,1.5230672072474565,0.9984782585254333,-0.35148121,1.1117751585987765,1.0287790876266523,1.0692956803874547,1.5214534,1.0823213504417248
49,0.22272727273,1.5189944,-0.024507873827023737,0.024609475831156108,1.5188927979958675,0.9978929480094366,-0.34447812,1.1113263111407714,1.0267800502314035,1.0656331534593464,1.5189944,1.0846265249736582
50,0.22727272727,1.516522,-0.02416231957541262,0.02603516954593358,1.5146491500294788,0.9972991614663929,-0.337606,1.1108661748598698,1.024771186160394,1.0619666140173087,1.5165219999999997,1.086949540798649
51,0.23181818182,1.5140368,-0.02381465933313786,0.027511813136615,1.5103396461965228,0.9966980307448635,-0.33087243,1.1103947372864715,1.022752477162747,1.0582960885136947,1.5140368,1.0892893424259475
52,0.23636363636,1.5115392,-0.02346636175235841,0.029031991901820913,1.5059735698505377,0.9960905614780474,-0.32428499,1.1099119933238752,1.020723903836613,1.054621602602738,1.5115392,1.0916450099671429
53,0.24090909091,1.5090297,-0.0231188775366147,0.030564395225839723,1.5015841823107745,0.995477986717598,-0.31785035,1.109417945371984,1.0186854469508324,1.050943182054351,1.5090296999999995,1.0940153709798448
54,0.24545454545,1.5065086,-0.0227735116083044,0.0321047623076313,1.497177349300673,0.994861395395318,-0.31157441,1.1089126030798926,1.016637086715579,1.047260852257305,1.5065085999999999,1.0963994068455396
55,0.25,1.5039759,-0.02243142568245548,0.03365298449531485,1.4927543411871402,0.994241556946662,-0.30546308,1.1083959834943369,1.0145788028814724,1.0435746382839848,1.5039758999999997,1.0987964487259134
56,0.25454545455,1.501432,-0.022093841925346837,0.03523870057549667,1.4882871413498502,0.9936195704990596,-0.29952196,1.1078681112081383,1.0125105752718053,1.0398845652584288,1.501432,1.101205462550372
57,0.25909090909,1.4988769,-0.02176177242371409,0.03689079594074703,1.4837478764829675,0.9929962263541747,-0.29375564,1.107329018187018,1.0104323825940391,1.0361906575495374,1.4988769000000004,1.1036257546197072
58,0.26363636364,1.4963106,-0.02143620401196164,0.03860811238481155,1.47913869162715,0.9923723939646089,-0.28816839,1.1067787437695946,1.0083442042706885,1.0324929400072846,1.4963106,1.1060565420130974
59,0.26818181818,1.4937329,-0.021118053577174743,0.040387021038052084,1.474463932539123,0.9917488121623141,-0.28276447,1.1062173346179034,1.0062460180378872,1.0287914363549509,1.4937329000000001,1.1084971883982933
60,0.27272727273,1.4911438,-0.020808177206545365,0.04221837122996774,1.4697336059765775,0.9911263115365038,-0.27754727,1.105644844742136,1.0041378026394536,1.0250861709850643,1.4911438,1.1109469539468617
61,0.27727272727,1.488543,-0.020507291652169444,0.04410086189363277,1.4649494297585366,0.990505473963284,-0.27251967,1.1050613353274534,1.002019535156243,1.0213771671922736,1.488543,1.113405379408676
62,0.28181818182,1.4859302,-0.020216098646546665,0.04603974165800004,1.460106556988547,0.9898869118234987,-0.26768449,1.104466874610277,0.999891193332402,1.017664448705931,1.4859302000000003,1.115871972701074
63,0.28636363636,1.4833051,-0.01993524701693455,0.048068051995038746,1.455172295021896,0.9892712759612853,-0.26304396,1.1038615380019978,0.9977527538009594,1.013948038530825,1.4833051000000002,1.1183462016083587
64,0.29090909091,1.4806673,-0.01966530246623874,0.05018983671651566,1.4501427657497228,0.9886591571766796,-0.2585997,1.1032454076931144,0.995604193190061,1.0102279596662902,1.4806672999999997,1.1208276033153592
65,0.29545454545,1.4780162,-0.019406764966958086,0.052397474115383,1.4450254908515743,0.9880509943200322,-0.25435326,1.102618572702715,0.993445487697188,1.0065042348353517,1.4780161999999992,1.1233158904891927
66,0.3,1.4753514,-0.01916012219890961,0.05465384800787973,1.4398576741910298,0.9874473733613925,-0.25030568,1.1019811287300318,0.9912766127917979,1.0027768862899322,1.4753513999999999,1.1258106130585888
67,0.30454545455,1.4726724,-0.01892576396619242,0.05695296361752937,1.4346452003486627,0.9868487310244451,-0.24645746,1.1013331779812505,0.9890975442324141,0.9990459364690709,1.4726723999999998,1.1283114934953045
68,0.30909090909,1.4699784,-0.018704006369058546,0.05931184826414189,1.4293705581049163,0.9862552933703123,-0.24280904,1.1006748289715806,0.9869082563018775,0.9953114068693822,1.4699783999999996,1.1308185015766212
69,0.31363636364,1.4672689,-0.01849518388601823,0.06179065846545576,1.4239734254205625,0.9856675399686554,-0.23936034,1.100006196574738,0.9847087242988384,0.9915733196326566,1.4672689,1.1333313214350422
70,0.31818181818,1.4645431,-0.01829953105131219,0.06439307824519598,1.4184495528061163,0.9850857229183076,-0.23611091,1.099327401602343,0.9824989214496223,0.9878316955911599,1.4645431,1.135849905302637
71,0.32272727273,1.4618003,-0.01811729610970164,0.0670783754614631,1.4128392206482383,0.9845102149782481,-0.23306018,1.0986385707791804,0.9802788221287884,0.9840865562992813,1.4618002999999997,1.138374071079459
72,0.32727272727,1.4590396,-0.01794864167887723,0.06978717101053299,1.4072010706683444,0.9839412373240031,-0.23020709,1.0979398366194908,0.9780483989621183,0.9803379222172822,1.4590396,1.1409038194191397
73,0.33181818182,1.4562603,-0.017793734470683668,0.07252207056564743,1.4015319639050365,0.983379119458781,-0.22755037,1.0972313371300775,0.9758076251225267,0.9765858141450388,1.4562603000000003,1.1434390311620277
74,0.33636363636,1.4534615,-0.017652653695730283,0.07533746223152708,1.3957766914642031,0.9828239236474965,-0.22508857,1.0965132157113406,0.9735564727297609,0.972830252230654,1.4534615,1.1459799054058961
75,0.34090909091,1.4506424,-0.01752547472820193,0.07825535226636642,1.3899125224618358,0.9822758407488644,-0.22281984,1.0957856210088297,0.9712949136680535,0.9690712564745028,1.4506424000000002,1.148526500067192
76,0.34545454545,1.447802,-0.017412234031026933,0.08125143034667806,1.383962803684349,0.9817349575206377,-0.22074222,1.0950487066658299,0.9690229195601473,0.9653088467181336,1.447802,1.1510790025587618
77,0.35,1.4449395,-0.01731298727447137,0.08425511307181938,1.3779973742026521,0.9812015422217457,-0.21885349,1.0943026311501747,0.9667404609527028,0.961543042141521,1.4449395,1.153637396632982
78,0.35454545455,1.4420538,-0.017227705146368667,0.08726638301608254,1.372015122130286,0.9806756057455044,-0.21715119,1.0935475577047626,0.9644475089620868,0.9577738622738884,1.4420538,1.1562019750106145
79,0.35909090909,1.439144,-0.01715637883807773,0.09037621643480168,1.3659241624032763,0.9801572808924741,-0.21563279,1.0927836539764382,0.962144032792607,0.9540013254807378,1.4391440000000002,1.1587728979037026
80,0.36363636364,1.4362091,-0.017098936395659584,0.09362500105182633,1.3596830353438327,0.9796465454806712,-0.21429546,1.0920110920407327,0.9598300029439885,0.9502254509124928,1.4362090999999995,1.1613505156351918
81,0.36818181818,1.4332482,-0.01705531907869489,0.09699109727011271,1.3533124218085821,0.9791434607463317,-0.21313632,1.0912300481049706,0.9575053875110657,0.9464462562680762,1.4332482,1.1639350920639335
82,0.37272727273,1.4302601,-0.017025410078168345,0.1004350466041219,1.3468504634740466,0.9786479155638136,-0.21215229,1.0904407023598195,0.9551701558026802,0.9426637599762155,1.4302601000000001,1.1665271037593097
83,0.37727272727,1.4272439,-0.0170091402492979,0.10396398910609729,1.3402890511432006,0.9781600403286426,-0.21134021,1.0896432388555863,0.9528242753085459,0.9388779793765438,1.4272439000000001,1.1691267518295367
84,0.38181818182,1.4241986,-0.017006394308481197,0.10762049016375501,1.333584504144726,0.9776798197076711,-0.21069679,1.0888378453785088,0.950467713902273,0.9350889320363898,1.4241986,1.171734419469649
85,0.38636363636,1.421123,-0.0170170126095141,0.11141235827363113,1.3267276543358828,0.9772070833073153,-0.21021865,1.088024713203344,0.9481004384923649,0.9312966349505327,1.421123,1.174350687100204
86,0.39090909091,1.4180161,-0.017040870622822148,0.11534649366159974,1.3197104769612225,0.9767418445357122,-0.20990234,1.0872040369696623,0.9457224154426388,0.9275011047887138,1.4180161,1.1769759260977937
87,0.39545454545,1.4148769,-0.01707782101451175,0.11942648583805966,1.3125282351764522,0.9762840553746611,-0.20974432,1.0863760146571044,0.9433336110850143,0.923702358203601,1.4148769,1.1796105916135018
88,0.4,1.4117043,-0.01712769921730404,0.12365578045191494,1.305176218765389,0.9758336020979155,-0.20974104,1.0855408472637467,0.940933990216815,0.9199004109419682,1.4117043,1.1822552304696434
89,0.40454545455,1.4084972,-0.017190322778589232,0.12803771575682604,1.2976498070217632,0.975390329564414,-0.20988886,1.0846987388555827,0.9385235185760057,0.9160952793041794,1.4084972,1.1849104498670124
90,0.40909090909,1.4052545,-0.017265510857049703,0.13257842538863635,1.2899415854684135,0.9749540963315854,-0.21018414,1.0838498962696284,0.9361021594514667,0.9122869781553196,1.4052545,1.1875768550550756
91,0.41363636364,1.4019752,-0.017353103742154166,0.13728673126198684,1.2820415724801675,0.9745248730886824,-0.2106232,1.0829945291881458,0.9336698776615774,0.9084755232539152,1.4019752,1.1902549241489364
92,0.41818181818,1.3986581,-0.017452915788209428,0.1421499707136299,1.2739610450745795,0.9741025160090089,-0.21120238,1.0821328498417473,0.9312266353886236,0.9046609288234051,1.3986581,1.1929452889999084
93,0.42272727273,1.3953021,-0.017564757593888838,0.1471394387168801,1.2657274188770087,0.973686884404187,-0.21191798,1.081265073034138,0.9287723959718082,0.9008432097586102,1.3953020999999999,1.195648588016775
94,0.42727272727,1.3919063,-0.01768845325829277,0.15229970754684422,1.2572950457114487,0.9732778846973908,-0.21276635,1.080391416018408,0.9263071208929963,0.8970223798794881,1.3919063,1.1983654158923682
95,0.43181818182,1.3884694,-0.017823763109500755,0.15773750756524382,1.2485556555442567,0.9728751517930124,-0.21374384,1.0795120983485862,0.9238307717844724,0.8931984530914142,1.3884693999999997,1.2010967136815351
96,0.43636363636,1.3849905,-0.017970531153515983,0.1634318808322243,1.2395291503212917,0.9724786877182289,-0.21484681,1.078627341854898,0.9213433094493795,0.8893714428234851,1.3849905,1.2038429841831295
97,0.44090909091,1.3814683,-0.018128543965082188,0.16931208754408728,1.2302847564209953,0.9720882300646317,-0.21607168,1.0777373705448003,0.9188446937248582,0.8855413619477843,1.3814683000000003,1.2066050700652275
98,0.44545454545,1.3779017,-0.01829762790532324,0.17533114432124527,1.2208681835840776,0.9717036834941648,-0.2174149,1.0768424105782408,0.916334884733742,0.8817082235016203,1.3779016999999996,1.2093836197954324
99,0.45,1.3742896,-0.01847759383854644,0.18138083016211298,1.2113863636764333,0.9713248744797471,-0.21887297,1.0759426900944686,0.9138138404508527,0.877872039291905,1.3742895999999998,1.2121793941697578
100,0.45454545455,1.370631,-0.018668247780890435,0.18741686065891464,1.2018823871219755,0.9709516038560846,-0.22044242,1.0750384392615173,0.9112815202902477,0.8740328219479392,1.3706309999999997,1.2149931974430863
101,0.45909090909,1.3669247,-0.018869377107810753,0.19336446987892233,1.1924296072288882,0.9705835667846269,-0.22211988,1.0741298901772391,0.9087378805098297,0.8701905823000693,1.3669246999999998,1.2178259844280037
102,0.46363636364,1.3631697,-0.019080831635988782,0.19908010013913235,1.1831704314968563,0.9702207200534383,-0.223902,1.0732172768445642,0.9061828791921618,0.866345332216425,1.3631696999999998,1.2206783938054189
103,0.46818181818,1.3593647,-0.019302412303046697,0.20439561060506514,1.1742715016979817,0.9698627902337914,-0.22578552,1.0723008350972767,0.9036164715100776,0.8624970819138804,1.3593647000000002,1.2235513706836696
104,0.47272727273,1.3555086,-0.019533952424953625,0.20939655405824478,1.1656459983667085,0.9695096272581608,-0.22776723,1.0713808025752731,0.90103861368554,0.8586458422029528,1.3555085999999996,1.2264457182130724
105,0.47727272727,1.3516002,-0.01977527053553273,0.2141333214502357,1.157242149085297,0.9691609950237984,-0.22984401,1.070457418749305,0.8984492600668619,0.8547916228356028,1.3516002,1.2293623653529178
106,0.48181818182,1.3476385,-0.020026217034956145,0.21852083698154925,1.1491438800534068,0.968816768903262,-0.23201281,1.06953092479727,0.895848364814794,0.8509344334566535,1.3476385,1.2323021150347315
107,0.48636363636,1.3436222,-0.02028659590483605,0.22251007303661147,1.1413987228682243,0.9684766181269134,-0.23427065,1.0686015636784383,0.8932358814712433,0.8470742833633665,1.3436221999999998,1.235266048321672
108,0.49090909091,1.3395502,-0.020556271178912327,0.22600826762162135,1.1340982035572913,0.9681404364908535,-0.23661462,1.067669580034486,0.8906117620291039,0.8432111809801353,1.3395502000000004,1.238254978671953
109,0.49545454545,1.3354213,-0.02083508730799575,0.22901566916052454,1.127240718147471,0.9678080119802447,-0.2390419,1.0667352202637195,0.8879759592133725,0.8393451351436174,1.3354213,1.2412698689897779
110,0.5,1.3312343,-0.021122900806374544,0.23158488823387538,1.1207723125724989,0.9674791555408218,-0.24154976,1.0657987324715927,0.8853284227680593,0.8354761530172342,1.3312342999999998,1.2443116733540294
111,0.50454545455,1.3269878,-0.02141953257221112,0.23362474633125574,1.1147825862409553,0.9671535310728991,-0.24413551,1.0648603664212248,0.882669104557266,0.8316042429524956,1.3269878,1.2473815490731224
112,0.50909090909,1.3226808,-0.021724904614068934,0.23504428143991046,1.1093614231741584,0.9668311554449501,-0.24679659,1.0639203736571061,0.8799979523442432,0.8277294110059068,1.3226807999999999,1.2504802219176157
113,0.51363636364,1.318312,-0.022038871139451473,0.23591094224814121,1.1044399288913103,0.9665117712491635,-0.24953048,1.0629790073071683,0.8773149160933263,0.8238516644642806,1.318312,1.2536087845625434
114,0.51818181818,1.31388,-0.022361270488670846,0.23622095706263405,1.1000203134260365,0.9661950425909385,-0.25233474,1.0620365223301973,0.8746199425368844,0.8199710088103692,1.3138799999999997,1.256768455326119
115,0.52272727273,1.3093836,-0.022692004969192242,0.23589666833509157,1.096178936634101,0.9658808489646077,-0.25520702,1.0610931753426436,0.8719129792669255,0.8160874500056949,1.3093836000000003,1.2599601907243791
116,0.52727272727,1.3048215,-0.02303096983489584,0.23482403249555717,1.093028437339339,0.9655690251227604,-0.25814503,1.0601492246433648,0.8691939720277317,0.8122009929831376,1.3048215000000005,1.2631850261326263
117,0.53181818182,1.3001922,-0.023378039064215834,0.23288744927131697,1.0906827897928988,0.9652593012583308,-0.26114657,1.05920493033733,0.8664628658814697,0.8083116422950627,1.3001922,1.266444154054901
118,0.53636363636,1.2954944,-0.023733129787597167,0.23024921409916402,1.0889783156884332,0.9649515576709122,-0.26420947,1.0582605542366577,0.8637196055968029,0.8044194023313855,1.2954944,1.269738590812982
119,0.54090909091,1.2907267,-0.024096132097200098,0.22694521318978295,1.0878776189074173,0.964645543620451,-0.26733167,1.0573163598853532,0.8609641335744166,0.800524276165536,1.2907267000000002,1.2730695482929688
120,0.54545454545,1.2858877,-0.024466957267850507,0.22293197748949908,1.0874226797783515,0.9643410762066009,-0.27051114,1.056372612608795,0.858196393583827,0.7966262676314391,1.2858877,1.276438168333761
121,0.55,1.2809759,-0.024845511416834443,0.2176059012704117,1.0882155101464226,0.9640379350306802,-0.27374592,1.0554295794889905,0.8554163253731604,0.7927253783314121,1.2809758999999998,1.2798456697460838
122,0.55454545455,1.2759897,-0.025231702101745447,0.21070692870724828,1.090514473394497,0.9637358899301396,-0.2770341,1.0544875294140608,0.8526238713201149,0.7888216113260038,1.2759896999999998,1.2832933028885178
123,0.55909090909,1.2709275,-0.025625450702011263,0.20277084869291556,1.0937821020090959,0.963434746146397,-0.28037382,1.0535467330534976,0.8498189690720463,0.7849149670541777,1.2709275000000002,1.2867823011022967
124,0.56363636364,1.2657878,-0.026026694834665853,0.19391205967824146,1.0979024351564244,0.9631343504959863,-0.28376326,1.0526074628334232,0.8470015585284203,0.7810054472023298,1.2657878,1.290313861862688
125,0.56818181818,1.260569,-0.026435358033659043,0.1842499210684386,1.1027544369652207,0.9628344876319352,-0.28720065,1.0516699929860727,0.8441715760879831,0.7770930515188079,1.2605690000000003,1.2938892947031775
126,0.57272727273,1.2552692,-0.026851303354685496,0.17418935936267504,1.1079311439920105,0.9625347416600771,-0.29068423,1.050734599599276,0.8413289586886881,0.7731777800500942,1.2552692,1.2975102036558248
127,0.57727272727,1.2498868,-0.02727451293182815,0.1635870837575662,1.113574229174262,0.9622350776157202,-0.29421229,1.0498015604432698,0.8384736415225162,0.7692596318769556,1.2498868,1.301177709160844
128,0.58181818182,1.24442,-0.02770492108232885,0.15226804352222661,1.1198568775601023,0.9619353034662153,-0.29778311,1.0488711551933683,0.8356055583674173,0.76533860529771,1.24442,1.30489317034555
129,0.58636363636,1.2388668,-0.028142413369265977,0.140546310165024,1.1264629032042421,0.9616350575171624,-0.30139502,1.0479436651578096,0.8327246432120623,0.7614146987274433,1.2388668000000003,1.3086582033644294
130,0.59090909091,1.2332253,-0.02858690138061581,0.12829256825503163,1.133519633125584,0.9613340764222513,-0.30504632,1.0470193735251683,0.8298308265079613,0.7574879086253324,1.2332252999999997,1.312474326172271
131,0.59545454545,1.2274935,-0.02903828941158474,0.11539860897151788,1.1411331804400668,0.9610320788814863,-0.3087353,1.0460985651416839,0.8269240409977018,0.7535582327173078,1.2274935,1.3163431071100855
132,0.6,1.2216694,-0.02949651545406651,0.1021507195287182,1.1490151959253485,0.9607288895851763,-0.31246026,1.0451815265112616,0.8240042139530016,0.749625665704748,1.2216694000000001,1.3202660081271287
133,0.60454545455,1.2157507,-0.029961428712727882,0.08951984707978451,1.1561922816329437,0.9604240760999402,-0.31621945,1.0442685458202121,0.8210712759514374,0.7456902041167011,1.2157507000000003,1.3242448700517797
134,0.60909090909,1.2097353,-0.030432959432139983,0.07837454363410219,1.1617937157980376,0.9601174697465602,-0.32001109,1.0433599128877702,0.8181251520545827,0.7417518414325922,1.2097352999999997,1.3282812128726236
135,0.61363636364,1.2036208,-0.030910943654849542,0.0695386170156613,1.1649931266391884,0.9598086407358638,-0.32383333,1.0424559189929061,0.8151657695560497,0.7378105723661099,1.2036208000000002,1.3323769465773865
136,0.61818181818,1.1974048,-0.03139522347002531,0.0633090106915894,1.1654910127784357,0.9594972032293227,-0.32768427,1.0415568568990659,0.8121930519741751,0.7338663895430393,1.1974047999999997,1.3365339631563058
137,0.62272727273,1.1910848,-0.03188563103013978,0.05927488305270384,1.1636955479774356,0.9591827768232005,-0.33156192,1.0406630207057237,0.8092069228351133,0.7299192855937913,1.1910847999999996,1.3407541842461832
138,0.62727272727,1.1846582,-0.032381972426307096,0.05666413598906955,1.1603760364372377,0.9588649440510154,-0.33546419,1.0397747057741595,0.806207304152853,0.7259692523118602,1.1846582,1.345039624185241
139,0.63181818182,1.1781222,-0.03288398646070475,0.05520199251854063,1.1558041939421644,0.9585431448282691,-0.33938886,1.0388922086284917,0.8031941154294276,0.7220162801011069,1.1781222000000002,1.3493925423535607
140,0.63636363636,1.171474,-0.03339141883249702,0.05499202294174941,1.1498733958907474,0.9582168972693809,-0.34333356,1.0380158267082666,0.8001672771635128,0.7180603599167295,1.171474,1.3538151299703716
141,0.64090909091,1.1647107,-0.03390397534978366,0.05636977365059742,1.1422449016991867,0.957885667182732,-0.34729577,1.0371458583189748,0.7971267046161277,0.7141014798137162,1.1647107000000005,1.3583097050540338
142,0.64545454545,1.1578292,-0.0344212824432988,0.05990496613639538,1.1323455163069032,0.9575487760510624,-0.35127276,1.036282602359897,0.7940723166987164,0.710139629869407,1.1578291999999997,1.3628788308989288
143,0.65,1.1508262,-0.034942885618234984,0.0656855641524709,1.1200835214657643,0.9572054129488267,-0.35526158,1.0354263580766923,0.7910040247910837,0.7061747959866713,1.1508262000000002,1.3675253232272457
144,0.65454545455,1.1436984,-0.03546832483236358,0.07312328848077648,1.106043436351587,0.9568548514317995,-0.35925902,1.0345774249376902,0.7879217444941491,0.702206966409299,1.1436984,1.3722519243279179
145,0.65909090909,1.1364424,-0.035997081295210225,0.08139605929944832,1.0910434219957614,0.9564963254621521,-0.36326155,1.0337361022132914,0.7848253849012292,0.6982361257699666,1.1364423999999995,1.3770614992770276
146,0.66363636364,1.1290543,-0.03652838641065734,0.08966767825973239,1.0759150081509248,0.9561285262709155,-0.36726532,1.0329026886048462,0.7817148571824302,0.6942622598550525,1.1290542999999997,1.3819577509718366
147,0.66818181818,1.1215304,-0.037061521390768286,0.09813087775391395,1.0604610436368542,0.9557504363515095,-0.37126608,1.0320774820467262,0.7785900684809026,0.6902853522129718,1.1215304,1.386944038121914
148,0.67272727273,1.1138667,-0.03759560874087853,0.10689806903897131,1.0445642397019073,0.955360790179366,-0.37525913,1.0312607790877921,0.7754509250718649,0.6863053859109356,1.1138667,1.392024148987743
149,0.67727272727,1.106059,-0.03812961982068905,0.1159169674077874,1.0282716524129014,0.9549581180476805,-0.37923928,1.030452874495532,0.7722973321804235,0.6823223434307543,1.1060589999999997,1.3972022471751013
150,0.68181818182,1.098103,-0.03866239032464458,0.12508624043168484,1.0116791498929598,0.95454082663572,-0.38320074,1.0296540605880495,0.7691291908442057,0.6783362049244609,1.098103,1.4024827674873612
151,0.68636363636,1.0899939,-0.039192400783987266,0.13448647388168866,0.9946998269022986,0.9541066659008247,-0.38713707,1.0288646267144954,0.7659464043360618,0.6743469517884043,1.0899939,1.4078711977484768
152,0.69090909091,1.0817271,-0.03971814352382452,0.14406977012456137,0.9773754733992631,0.9536537008274327,-0.39104109,1.0280848584386062,0.7627488682738821,0.6703545611516272,1.0817271,1.4133726807560798
153,0.69545454545,1.0732976,-0.0402377920999106,0.15368769476827435,0.9598476973316366,0.9531795033329041,-0.39490478,1.0273150367222421,0.7595364835323629,0.6663590130765894,1.0732976000000003,1.4189931872975443
154,0.7,1.0647001,-0.040749158609476546,0.1628083236488263,0.94264093496065,0.9526811092353331,-0.39871915,1.026555436985219,0.7563091411126227,0.6623602821113044,1.0647000999999998,1.424739629016462
155,0.70454545455,1.0559292,-0.04124973911675177,0.17079176412148675,0.926387174995265,0.9521551700815317,-0.40247414,1.0258063280166925,0.7530667370650144,0.6583583456266995,1.0559292,1.4306196260793107
156,0.70909090909,1.0469793,-0.04173665963195209,0.17779264258938052,0.9109233170425713,0.9515978918731836,-0.40615842,1.025067970713353,0.7498091597742996,0.654353176703671,1.0469792999999998,1.4366416433201117
157,0.71363636364,1.0378444,-0.04220662316902928,0.1841792657444993,0.8958717574245301,0.9510049436919654,-0.40975929,1.0243406167681388,0.7465362992960742,0.6503447493607116,1.0378444,1.442815135139153
158,0.71818181818,1.0285184,-0.04265586997760626,0.19059053392613684,0.8805837360514696,0.9503714358987285,-0.41326245,1.0236245069878291,0.7432480414886267,0.6463330352611207,1.0285184,1.4491506189933672
159,0.72272727273,1.018995,-0.04307998209853921,0.1968181130999017,0.8652568689986374,0.9496915188549396,-0.4166518,1.0229198695364141,0.7399442698921304,0.6423180047698965,1.0189949999999999,1.455660319767482
160,0.72727272727,1.0092676,-0.04347375311342454,0.20251183629099256,0.8502295168224321,0.9489581512604638,-0.41990921,1.0222269178815704,0.7366248678572251,0.6382996281431993,1.0092676,1.462358574965204
161,0.73181818182,0.9993295,-0.04383143591112098,0.20778783712121077,0.8353730987899102,0.9481638057405587,-0.42301404,1.021545848345274,0.7332897119346053,0.6342778718153796,0.9993295,1.4692608220911192
162,0.73636363636,0.98917378,-0.0441465399897236,0.21267362657725764,0.8206466934124659,0.9472998398595778,-0.42594371,1.0208768377286392,0.7299386828952092,0.6302527045953942,0.9891737799999999,1.4763846015575122
163,0.74090909091,0.97879306,-0.044411078997725,0.2172526554419702,0.805951483555755,0.9463555247402491,-0.42867049,1.0202200395512455,0.726571650334166,0.6262240889943752,0.9787930600000001,1.4837511878090037
164,0.74545454545,0.96818169,-0.04461776385879848,0.22140147186257478,0.7913979819962239,0.9453204891929062,-0.4311722,1.019575582195542,0.7231884909271622,0.6221919915188125,0.9681816900000002,1.4913818345541345
165,0.75,0.957339,-0.04476419954394304,0.22543980977679,0.7766633897671531,0.9441902319074698,-0.43344886,1.0189435816486014,0.7197890689816495,0.6181563716876242,0.957339,1.4992891147125582
166,0.75454545455,0.94626676,-0.04485129519783703,0.22917798097527065,0.7619400742225662,0.9429645049703067,-0.43551351,1.0183241588457512,0.7163732543246133,0.6141171921429882,0.9462667599999998,1.5074792350956372
167,0.75909090909,0.93496575,-0.04487913746994769,0.23233066267493901,0.7475142247950088,0.9416417478775325,-0.43737596,1.0177174433817626,0.7129409078046557,0.6100744104403846,0.9349657500000002,1.5159608254894137
168,0.76363636364,0.92343609,-0.04484712208724702,0.23513737004795388,0.7331458420392933,0.9402191516946778,-0.43904392,1.0171235706656054,0.7094918910698363,0.6060279845921889,0.9234360900000003,1.5247448995441324
169,0.76818181818,0.91167725,-0.04475411106871989,0.2376704734521793,0.7187608876165407,0.938693017579351,-0.44052306,1.016542680460713,0.7060260616020542,0.6019778702417699,0.9116772500000001,1.5338443739378886
170,0.77272727273,0.89968808,-0.04459871411320754,0.2398251292222016,0.7044616648910059,0.9370594335376512,-0.4418168,1.0159749149056805,0.7025432721291589,0.5979240203345725,0.89968808,1.5432730377974868
171,0.77727272727,0.88746694,-0.04437887780771005,0.24164873312262589,0.6901970846850842,0.9353133327127597,-0.44292635,1.0154204165844463,0.6990433767600805,0.5938663885984024,0.88746694,1.5530471497245923
172,0.78181818182,0.8750117,-0.04409160787445231,0.24309698465866483,0.6760063232157872,0.9334478842683714,-0.44385062,1.014879326497507,0.6955262186177897,0.5898049225031905,0.8750116999999997,1.5631866029054686
173,0.78636363636,0.86231981,-0.04373309714667039,0.24421808916217905,0.6618348179844913,0.9314547739291329,-0.44458607,1.0143517816125323,0.6919916483032889,0.585739573785112,0.8623198099999999,1.5737145873281508
174,0.79090909091,0.8493884,-0.04329908078544449,0.2448753882186091,0.6478120925668354,0.9293249793156789,-0.44512657,1.0138379125881682,0.6884394997577016,0.5816702846613998,0.8493884,1.5846565008793263
175,0.79545454545,0.83621437,-0.042784383546685026,0.24529390271872337,0.6337048508279616,0.9270477121126964,-0.44546326,1.0133378409535327,0.6848696167049386,0.5775970029474311,0.83621437,1.5960418489441417
176,0.8,0.82279446,-0.04218251842811711,0.24524156333803984,0.6197354150900772,0.9246094996165605,-0.44558428,1.012851676164003,0.6812818270213746,0.5735196673761446,0.8227944599999999,1.607906147208366
177,0.80454545455,0.80912538,-0.04148588573807055,0.2444458222515443,0.6061654434865263,0.9219945406064926,-0.4454745,1.0123795123106287,0.6776759644317714,0.5694382200398689,0.8091253800000001,1.6202906119968414
178,0.80909090909,0.79520399,-0.04068619109594278,0.24320718922088533,0.5926829918750572,0.9191855282902769,-0.44511519,1.0119214244089396,0.6740518520892206,0.565352596951414,0.7952039899999999,1.6332411229417574
179,0.81363636364,0.78102742,-0.03977372114041104,0.24147444253288416,0.5793266986075272,0.9161618849434436,-0.44448364,1.0114774642176725,0.6704093121956475,0.5612627335826328,0.7810274200000002,1.6468117350332456
180,0.81818181818,0.7665933,-0.038737048974208856,0.23915235332126075,0.5661779956529481,0.9128988888445513,-0.44355269,1.0110476555626702,0.6667481632690074,0.5571685632759458,0.7665933,1.6610668841860783
181,0.82272727273,0.7519,-0.037563504489720484,0.2362690190418282,0.5531944854478922,0.9093684114080948,-0.4422902,1.0106319889680262,0.6630682148813705,0.5530700142176233,0.7518999999999999,1.6760808596882124
182,0.82727272727,0.73694703,-0.03623961404473514,0.23275055396382327,0.5404360900809119,0.9055394917741212,-0.44065838,1.0102304157676627,0.6593692808628682,0.5489670170498557,0.7369470300000001,1.691937572084223
183,0.83181818182,0.72173528,-0.034750069503384724,0.22856944900397075,0.5279159004994138,0.901375474394012,-0.43861308,1.0098428409551037,0.6556511571154352,0.5448594920412525,0.7217352799999999,1.7087369935385543
184,0.83636363636,0.70626753,-0.03307811756828851,0.2236548573041027,0.5156907902641857,0.896834095907211,-0.43610289,1.0094691155631634,0.6519136525396917,0.5407473669955498,0.7062675299999999,1.7265964720306897
185,0.84090909091,0.69054914,-0.03120713005392659,0.2182158520145158,0.5035404180394109,0.8918700320733829,-0.43306817,1.0091090273612293,0.6481565504945608,0.5366305548885453,0.6905491400000001,1.7456477197965377
186,0.84545454545,0.67458863,-0.029120478956346632,0.21268407474518095,0.49102503421116567,0.8864333155020351,-0.42943985,1.008762290736082,0.6443796482865488,0.5325089768063064,0.6745886299999999,1.7660416985590068
187,0.85,0.6583985,-0.02680177719674503,0.2069383528381421,0.4782619243586029,0.8804681636639365,-0.42513807,1.008428534469709,0.6405827223535718,0.5283825416790969,0.6583984999999999,1.7879536162611414
188,0.85454545455,0.64199638,-0.024237935654185597,0.20105812941312406,0.4651761862410616,0.8739178350179905,-0.4200706,1.0081072882305708,0.6367655548916497,0.5242511618025474,0.6419963800000001,1.8115761285158527
189,0.85909090909,0.62540642,-0.02142192561270363,0.19499511593908175,0.4518332296736219,0.8667285317337435,-0.41413101,1.0077979664917749,0.6329279156362932,0.5201147421852412,0.62540642,1.8371141131209259
190,0.86363636364,0.60866049,-0.01835369240551871,0.1887857302218898,0.43822845218362894,0.8588484813558104,-0.40719651,1.0074998502720203,0.6290695699046583,0.5159731852615037,0.60866049,1.8647892663023125
191,0.86818181818,0.59180046,-0.015046377976084007,0.182336290882696,0.4245105470933878,0.8502393618145863,-0.39912552,1.0072120659323271,0.625190280800817,0.5118263921589551,0.5918004599999998,1.8948179714911688
192,0.87272727273,0.57488058,-0.011532591449134664,0.17568925697796417,0.41072391447117035,0.8408885595017361,-0.38975474,1.0069335605832164,0.6212897950123122,0.5076742543807685,0.5748805799999999,1.9273835672807205
193,0.87727272727,0.55796988,-0.007866887403581503,0.1687114655548885,0.3971253018486931,0.8308130236863185,-0.37889584,1.0066630735827657,0.6173678688732738,0.5035166690938786,0.5579698800000001,1.962622708526579
194,0.88181818182,0.54115612,-0.004134108637810234,0.16148697773779722,0.3838032509000129,0.8200800792400812,-0.36633154,1.0063991034822735,0.6134242295811276,0.49935351631683855,0.5411561199999999,2.0005667784806342
195,0.88636363636,0.52454998,-0.0004539403467486246,0.15394084889523862,0.37106307145150996,0.8088234950958437,-0.35181125,1.0061398699247035,0.6094586238055362,0.49518468755022915,0.52454998,2.0410816295950482
196,0.89090909091,0.50828957,0.0030231452056067943,0.1461730214894321,0.3590934033049611,0.7972423572953481,-0.33504522,1.0058832681949716,0.6054707625080494,0.4910100532046364,0.50828957,2.083838430858397
197,0.89545454545,0.49254761,0.0061172026392033434,0.13833405380048858,0.3480963535603081,0.7856153133238462,-0.31570075,1.0056268202322318,0.6014603740501655,0.4868294939875788,0.49254761,2.1282365004127235
198,0.9,0.47753744,0.00863563030142092,0.13051737581112344,0.33838443388745554,0.7742786417274943,-0.2933864,1.0053676051563905,0.5974271591849822,0.48264287424081564,0.47753743999999987,2.1734149294123766
199,0.90454545455,0.46352411,0.010395161687962635,0.12283550915440407,0.3302934391576333,0.7635945581351401,-0.26767524,1.0051022164657093,0.5933708232521019,0.4784500610413057,0.46352411000000004,2.218304796737179
200,0.90909090909,0.45083098,0.01124238916095197,0.1153825669250786,0.32420602391396935,0.7539131527462362,-0.23803425,1.0048266116593685,0.5892910570417033,0.4742509128030785,0.45083097999999994,2.261725829820274
201,0.91363636364,0.43987317,0.011153506928865997,0.1082387952547633,0.32048086781637064,0.7454807296112784,-0.20511783,1.004536506019515,0.5851875399411726,0.47004528116864985,0.4398731699999999,2.3026834107078753
202,0.91818181818,0.4310626,0.01030512989875164,0.10137924768593863,0.3193782224153097,0.7382866087678198,-0.17093517,1.004228564546681,0.5810599528040513,0.4658330186398255,0.43106259999999996,2.340920337720733
203,0.92272727273,0.42471493,0.008979978528915038,0.09496548746308177,0.3207694640080032,0.7320842081012273,-0.13770495,1.0039010633434082,0.5769079460914379,0.46161395957876417,0.42471493000000005,2.3769681076123326
204,0.92727272727,0.42103499,0.007488266530346172,0.08900263777095481,0.324544085698699,0.7265049026701534,-0.10771143,1.003553943278061,0.5727311904210733,0.45738795039999924,0.42103499,2.4118557926139643
205,0.93181818182,0.42010415,0.006139435413285512,0.08318527674819362,0.3307794378385208,0.7211260600910947,-0.083371688,1.0031889023192473,0.5685293069864998,0.4531548079067952,0.42010414999999995,2.4469138087339477
206,0.93636363636,0.42186351,0.005250052107410883,0.07875782510267716,0.3378556327899119,0.7154783987340234,-0.067279883,1.0028095178071739,0.5643019476122427,0.4489143672886714,0.4218635099999999,2.4837642496385404
207,0.94090909091,0.42607882,0.005183418367686402,0.07710616018576125,0.3437892414465524,0.7090059409151902,-0.062259255,1.0024214298359373,0.560048711769964,0.4446664322557473,0.42607882,2.5244958762613905
208,0.94545454545,0.43233742,0.006432213621522187,0.07834441852294603,0.34756078785553174,0.7009569830709421,-0.071426949,1.0020324897011434,0.5557692208363088,0.4404108197208083,0.43233742,2.5721479479335083
209,0.95,0.43981492,0.009784461169855978,0.08447430545802687,0.3455561533721171,0.6901485441134106,-0.098235819,1.0016532211019191,0.5514630583309839,0.436147323745387,0.43981491999999994,2.6318333794850313
210,0.95454545455,0.44793666,0.016732344131556245,0.09635595178702897,0.3348483640814147,0.6743835286797849,-0.14665921,1.0012965291588372,0.5471298084494718,0.4318757388239336,0.44793665999999993,2.713722152652297
211,0.95909090909,0.45418037,0.030603460962105217,0.11644873143339698,0.30712817760449773,0.648643901428769,-0.22092346,1.0009794995248351,0.5427690390215176,0.42759584952182794,0.45418036999999994,2.843176215871257
212,0.96363636364,0.49112403,0.05873533368425461,0.14538839155176564,0.2870003047639797,0.6072579352488954,-0.32891992,1.0007126233642702,0.5383802917788452,0.423307424613262,0.49112402999999993,3.060885091489214
213,0.96818181818,0.63891436,0.10465501439411264,0.19459121510088026,0.3396681305050072,0.569657168527122,-0.48720838,1.0004475494567655,0.5339631187879117,0.41901023912487156,0.6389143600000001,3.28904258724609
214,0.97272727273,0.84441236,0.2121793940264957,0.24122658044459228,0.39100638552891204,0.5038292186271923,-0.7597566,1.0001430420721853,0.5295170137859588,0.41470403262932876,0.84441236,3.7488567797413497
215,0.97727272727,0.98256472,0.5861086085326339,0.15901088861316232,0.23744522285420364,0.26852317977076845,-1.1422015,0.9998812625884663,0.5250415124734249,0.4103885702565957,0.9825647199999998,7.09206988212728
216,0.98181818182,0.97779323,3.4483280336964035,-0.9856142148370174,-1.4849205888593862,-1.6587438288165675,-1.4141566,0.9997608065246232,0.5205360615412222,0.40606356283457323,0.9777932299999998,-1.1578864327669678
217,0.98636363636,0.77527752,-2.0905891648876214,1.0565498150887098,1.8093168697989113,2.3837968127081353,-1.3027775,0.9997751547045006,0.516000155598715,0.401728750468902,0.7752775199999997,0.8127992095780099
218,0.99090909091,0.45142367,-0.7295112291350193,0.3788971168058034,0.8020377823292161,1.651020756179478,-0.83492126,0.9998353800272531,0.5114332185730113,0.3973838300044621,0.45142367000000017,1.1840963286651367
219,0.99545454545,0.25418783,-0.19845321679636488,0.10076151341310081,0.35187953338326405,1.104461107216214,-0.60336699,0.9999144663622433,0.5068346782538746,0.3930285006502561,0.25418783,1.7862658783464531
220,1.0,0.12712197,-0.10835848663165706,0.033025030249674486,0.20245542638198258,1.1158599868644425,-0.31760411,1.0,0.5045233798282265,0.3908468397345948,0.12712197,1.7762700734619143
