index,psi_norm,psi_abs_wb,rhop,rhot,q_eqdsk,ffprime_eqdsk,p_eq_pa,pprime_eqdsk_pa_per_wb,ne_1e19_m3,te_keV,nD_1e19_m3,tD_keV,nC_1e19_m3,tC_keV,zeff,p_e_pa,p_d_pa,p_c_pa,p_th_pa,p_fast_pa,q_chease,p_chease_pa,pprime_chease_pa_per_wb,ffprime_chease,total_current_density,total_parallel_current_density,bootstrap_current_density,bootstrap_parallel_current_density,bootstrap_current_density_raw_jbsbav,driven_current_density,driven_parallel_current_density,total_istar_rhop,pressure_offset_istar_rhop,bootstrap_istar_rhop,driven_istar_rhop,dVdpsi_m3_per_wb
0,0.0,-0.0548069066,0.0,0.0,1.2,-0.48319966,13526.1611,-330213.761,4.4518200000000006,0.810705,4.164270000000001,0.9888840000000002,0.047924999999999954,0.9888840000000002,1.3229578015283634,5782.4360904446985,6597.73129471221,75.93078073685959,12456.098165893769,1070.0629341062304,-1.2,13214.851114,-326337.33526,-0.4775273113,716187.53273,716187.53273,195.67731491858268,195.67731491858268,93.046398697,715991.8554150814,715991.8554150814,1.5958785,-1.2255949776406077,0.0007708851787941538,2.8207025924618137,93.483354082
1,0.0078125,-0.05426334868984375,0.08838834764831845,0.05608149293577123,1.23037123,-0.511135568,13355.5759,-297447.719,4.446089475842439,0.8132366530603269,4.143676911864619,0.9871869421667386,0.05040209399630329,0.9871869421667386,1.3400882569063899,5793.026784717492,6553.837687569099,79.71836371208015,12426.58283599867,928.9930640013299,-1.2105340306645733,13048.355593195973,-293942.31389689003,-0.5051457635667604,710571.2997193785,710571.2997193785,110.7652477188261,110.7652477188261,52.669914268325414,710460.5344716597,710460.5344716597,1.5958715,-0.0006692450181274168,0.00041286821825537763,1.596127876799872,94.00342410188102
2,0.015625,-0.0537197907796875,0.125,0.07947336437565428,1.22796274,-0.534855217,13201.6579,-268887.703,4.440563284645601,0.81540424939832,4.125102294510563,0.9854897887382232,0.0525768316891732,0.9854897887382232,1.3552037995110071,5801.247949535361,6513.242455058022,83.01506916957402,12397.505473762958,804.1524262370422,-1.2202373853,12898.318036,-265723.23791,-0.528581242305,705560.758255,705560.758255,1844.2681306307775,1844.2681306307775,876.96679535,703716.4901243693,703716.4901243693,1.5957719,-0.0023408545490567574,0.000398207385266352,1.5977145471637901,94.4960019665
3,0.0234375,-0.05317623286953125,0.15309310892394862,0.09752804529967314,1.23441535,-0.554854037,13062.255,-244039.484,4.434988104774707,0.8173031234612496,4.107684576809672,0.9836875179019311,0.054550587994172534,0.9836875179019311,1.3690015849339714,5807.457118628022,6473.879950314815,85.97397178135881,12367.311040724197,694.9439592758026,-1.229570792354897,12762.420647313731,-241172.66035423373,-0.5483397521404163,701050.5893365536,701050.5893365536,3720.695115203919,3720.695115203919,1769.225427399644,697329.8942213496,697329.8942213496,1.5955811,-0.003986443444206688,0.00019898078052549132,1.5993685626636813,94.96998052644479
4,0.03125,-0.052632674959375,0.1767766952966369,0.11283312408600508,1.24143538,-0.57156924,12935.4684,-222466.905,4.429528010193599,0.818877968303643,4.09187346966789,0.9817934921637921,0.056275756754285006,0.9817934921637921,1.3811405411012994,5811.483816267286,6436.5439437011355,88.52213637568576,12336.549896344108,598.918503655892,-1.2385872306892514,12638.82071550367,-219856.0300064877,-0.5648575638783344,696955.5100614897,696955.5100614897,5730.47842772906,5730.47842772906,2724.8962442728202,691225.0316337605,691225.0316337605,1.5953007,-0.005600709646834343,-8.322445045713371e-05,1.6009846340972915,95.42813371196341
5,0.0390625,-0.052089117049218744,0.19764235376052372,0.1263889875097466,1.24936243,-0.585386669,12819.6221,-203785.06,4.4241797597794426,0.8201357098100428,4.077612074460174,0.9797773063753173,0.057761280886544676,0.9797773063753173,1.3916745070690182,5813.382251514898,6400.938822800994,90.67229018600158,12304.993364501894,514.6287354981068,-1.2473381586286763,12525.858097698976,-201398.14449983256,-0.5785061699892844,693203.0324933518,693203.0324933518,7859.148185208519,7859.148185208519,3737.098680876628,685343.8843081433,685343.8843081433,1.5949323,-0.007178680083159771,-0.0003879960994235395,1.6024989761825832,95.87269261633683
6,0.046875,-0.051545559139062495,0.21650635094610965,0.1387064938931799,1.25731968,-0.596646828,12713.2371,-187654.266,4.4189283516477,0.8210861675772622,4.064781744049174,0.9776025084378154,0.05902443459975421,0.9776025084378154,1.4007154896124008,5813.211038816583,6366.634706171638,92.44949360075827,12272.295238588978,440.9418614110218,-1.2558577210865969,12422.126556782801,-185458.65840222914,-0.5896324104470195,689734.338049757,689734.338049757,10140.627906775586,10140.627906775586,4821.963688761556,679593.7101429814,679593.7101429814,1.5944773,-0.00871578469539558,-0.0006789862529737491,1.6038720709483694,96.30499397271916
7,0.0546875,-0.051002001228906246,0.23385358667337133,0.15008927036197867,1.26538352,-0.605650211,12615.0083,-173774.754,4.413745902464807,0.8217380636624978,4.053235488448459,0.9752213577106325,0.060085069002724874,0.9752213577106325,1.4083950707436808,5811.003345698196,6333.086708693328,93.88153068741124,12237.971585078934,377.03671492106514,-1.264184160330608,12326.341172476989,-171744.47896643737,-0.598527509978405,686498.3794399126,686498.3794399126,12595.717253453538,12595.717253453538,5989.3817018449945,673902.662186459,673902.662186459,1.5939374,-0.010208213991597444,-0.0009345816048657665,1.605080195596463,96.72662059219235
8,0.0625,-0.05045844331875,0.25,0.16073401287687322,1.27299545,-0.612662005,12523.7839,-161881.978,4.4086457085058735,0.8220905105589954,4.042981888878172,0.9726060013368449,0.06094396993795002,0.9726060013368449,1.4147121857878058,5806.778069440587,6300.12453960713,94.96817227981599,12201.870781327532,321.91311867246804,-1.2723451889,12237.374906,-159981.62272,-0.60546987964,683453.27452,683453.27452,15068.220692933544,15068.220692933544,7165.0802794,668385.0538270664,668385.0538270664,1.5933144,-0.011652249280685131,-0.0011424161129195592,1.6061090653936048,97.138649666
9,0.0703125,-0.04991488540859375,0.2651650429449553,0.17077905429795498,1.28086772,-0.617916239,12438.5474,-151742.473,4.403675272960121,0.8221467215328462,4.034011287590551,0.9697440616768344,0.06161066422826176,0.9697440616768344,1.4197221212465612,5800.6279333531475,6267.648487263046,95.72456766232295,12164.000988278516,274.5464117214833,-1.280382494126653,12154.251138264339,-149971.96547420495,-0.6106487238657735,680562.3128710248,680562.3128710248,17591.66387414311,17591.66387414311,8365.001181962187,662970.6489968817,662970.6489968817,1.5926098,-0.01304419149960158,-0.001295991144522695,1.6069499826441243,97.54276950017292
10,0.078125,-0.0493713274984375,0.2795084971874737,0.18032260001135214,1.28870856,-0.621619442,12358.4017,-143150.207,4.398814985849875,0.8219153671094904,4.026248171969531,0.9666036818712751,0.062094468980057424,0.9666036818712751,1.4234854330982536,5792.595333611505,6235.329085842067,96.16383093242669,12124.088250385998,234.31344961400282,-1.2883120093521494,12076.083072546528,-141482.42880038396,-0.6143062432074295,677796.2966904581,677796.2966904581,20255.750392047757,20255.750392047757,9631.799310357386,657540.5462984104,657540.5462984104,1.5918256,-0.014381034347236686,-0.0013925456113562439,1.6075991799585925,97.93949635934722
11,0.0859375,-0.04882776958828125,0.29315098498896436,0.18944010466512887,1.29633527,-0.623953878,12282.5554,-135923.352,4.394062132450158,0.8214023397667222,4.019581571396269,0.9631433519587393,0.06241342684231515,0.9631433519587393,1.4261211491393706,5782.724776358254,6202.719922314063,96.3117675853615,12081.756466257677,200.79893374232233,-1.2961616464097683,12002.102321288648,-134340.72457500978,-0.6166129601286835,675129.8988412037,675129.8988412037,23096.982528344626,23096.982528344626,10982.831841923984,652032.916312859,652032.916312859,1.5909634,-0.015660051272434566,-0.0014316884990495504,1.6080551397714842,98.32989664630156
12,0.09375,-0.048284211678124994,0.30618621784789724,0.19818992398412327,1.30404513,-0.625080396,12210.3098,-129901.446,4.389396487803525,0.8206111018087651,4.013948471334203,0.9593230487073349,0.0625746694115538,0.9593230487073349,1.4276761253085146,5771.020189445401,6169.458762193907,96.17757807542988,12036.656529714739,173.6532702852619,-1.3039521977782036,11931.628603692341,-128388.59174370351,-0.6177274220999457,672541.6701061549,672541.6701061549,26081.80996992316,26081.80996992316,12402.145288075979,646459.8601362318,646459.8601362318,1.5900252,-0.016879508236201334,-0.001414510143584647,1.608319218379786,98.71472406383204
13,0.1015625,-0.047740653767968745,0.31868871959954903,0.20661823750294198,1.31161128,-0.625140946,12141.0485,-124942.875,4.384831784672861,0.81954440625066,4.009282072035131,0.9551050626026621,0.06259161877295497,0.9551050626026621,1.428237308840969,5757.524852736369,6135.191920286806,95.780637748588,11988.497410771763,152.5510892282382,-1.31170421434217,11864.063245176098,-123481.30133879936,-0.6177958959199993,670014.2687425864,670014.2687425864,29237.471962943793,29237.471962943793,13902.692165866785,640776.7967796426,640776.7967796426,1.5890126,-0.01803740352372309,-0.0013429672541173231,1.6083929707778404,99.09472898809975
14,0.109375,-0.047197095857812496,0.33071891388307384,0.214763501734961,1.31937677,-0.624260802,12074.2274,-120922.665,4.380346754615548,0.8182054761480354,4.005513160007596,0.9504540978181019,0.06247226576799225,0.9504540978181019,1.427858358716685,5742.239031132642,6099.576803262865,95.13247564139712,11936.948310036905,137.27908996309452,-1.3194414615323415,11798.87269495534,-119512.52991132118,-0.6169207470027718,667531.3099117348,667531.3099117348,32526.870082284702,32526.870082284702,15466.831826167747,635004.4398294501,635004.4398294501,1.5879277,-0.019132382890141554,-0.001219505443079765,1.6082795883332215,99.47075887373904
15,0.1171875,-0.04665353794765625,0.3423265984407288,0.22265613805568307,1.32693611,-0.622550518,12009.3665,-117730.52,4.375971468586439,0.8165996999838268,4.002596986921593,0.9453406643016181,0.06222908027747447,0.9453406643016181,1.4266189626065562,5725.245202329852,6062.344297520736,94.2523344700398,11881.841834320629,127.52466567937154,-1.327176236986194,11735.58941526575,-116359.15541228298,-0.6152288383331227,665080.9494187239,665080.9494187239,35895.66476039823,35895.66476039823,17068.725294904812,629185.2846583257,629185.2846583257,1.5867722,-0.020163131522663805,-0.0010468083559053167,1.6079821398785692,99.84321117799433
16,0.125,-0.0461099800375,0.3535533905932738,0.23032206473855452,1.33461195,-0.620107664,11946.0421,-115269.101,4.3716975659548245,0.8147352512154404,4.000475392201918,0.9397423463932442,0.061870362292151,0.9397423463932442,1.4245743994779603,5706.594466409319,6023.248683782551,93.15407338032156,11822.99722357219,123.04487642780987,-1.3349249768354812,11673.806349114577,-113924.20624955586,-0.61281765675496,662652.8176627882,662652.8176627882,39311.4741249435,39311.4741249435,18692.974688037924,623341.3435378447,623341.3435378447,1.5855481,-0.02112896783715252,-0.0008276410181974408,1.6075047088553505,100.2126771011395
17,0.1328125,-0.04556642212734375,0.3644344934278313,0.2377835638896399,1.34230097,-0.617018345,11883.8804,-113452.501,4.367549839468806,0.812622619217151,3.9990814095543437,0.9336416097971274,0.06141140498574358,0.9336416097971274,1.4218251004083284,5686.396907813868,5982.061005412634,91.86278883323831,11760.32070205974,123.55969794025987,-1.3427031654764818,11613.153659322528,-112127.3770329556,-0.6097664938347767,660237.2068721306,660237.2068721306,42817.97343491138,42817.97343491138,20360.34800089118,617419.2334372192,617419.2334372192,1.5842573,-0.022029790974285125,-0.0005647549069034663,1.606851845881189,100.5796681627153
18,0.140625,-0.0450228642171875,0.375,0.2450598324067483,1.35014244,-0.613358553,11822.5515,-112204.902,4.363510808635819,0.810268357214849,3.998341629275178,0.9270063297871968,0.06086152989343994,0.9270063297871968,1.4184350576580833,5664.679314606369,5938.448466182782,90.3932410874943,11693.521021876646,129.03047812335353,-1.35052849765,11553.298411,-110898.86496499999,-0.60614386076,657825.9375400001,657825.9375400001,46501.05779301346,46501.05779301346,22111.6891605,611324.8797469866,611324.8797469866,1.5829017,-0.022865476145328224,-0.0002607957292919894,1.6060279718746202,100.94475574
19,0.1484375,-0.044479306307031244,0.385275875185561,0.25216632568266645,1.35786335,-0.609195356,11761.7642,-111459.387,4.359589341930298,0.8076770575675492,3.998184591603963,0.9198037766958246,0.060234125054389145,0.9198037766958246,1.4144940291168748,5641.488700707082,5892.077129763848,88.76631444420728,11622.332144915135,139.43205508486426,-1.3584063131618402,11493.986964947864,-110158.73321148692,-0.6020337851906398,655414.3784444806,655414.3784444806,50335.736254022195,50335.736254022195,23935.11473799362,605078.6421904585,605078.6421904585,1.5814831,-0.023636017579336328,8.172311156804174e-05,1.6050373944677687,101.30813596793344
20,0.15625,-0.043935748396875,0.39528470752104744,0.2591175307882755,1.36583594,-0.604587944,11701.2618,-111156.895,4.355781459303748,0.804852601013543,3.998541568363315,0.91199613999367,0.05953998182340599,0.91199613999367,1.4100755447422504,5616.850019993071,5842.584593641134,86.99856549184112,11546.433179126048,154.82862087395188,-1.3663497647537843,11434.965227550789,-109853.47770898559,-0.5974886663906552,652996.600071958,652996.600071958,54386.69589272658,54386.69589272658,25861.384044198963,598609.9041792315,598609.9041792315,1.5800037,-0.024341922821915902,0.00045991215419038836,1.6038857106677258,101.67022063834486
21,0.1640625,-0.043392190486718746,0.4050462936504913,0.26592687236931767,1.37378139,-0.599588559,11640.8176,-111245.297,4.3520811861377435,0.8017981763470985,3.999346328328382,0.9035442697231264,0.058789142968226966,0.9035442697231264,1.4052484808106218,5590.780557602947,5789.603787304485,85.10536893750219,11465.489713844934,175.32788615506615,-1.3743806741074698,11375.968442187712,-109943.12400572881,-0.5925448843578829,650565.8182700879,650565.8182700879,58668.58086022696,58668.58086022696,27897.460510326386,591897.2374098611,591897.2374098611,1.5784653,-0.024983733340002034,0.0008691215436288417,1.6025799117963728,102.03170036290612
22,0.171875,-0.0428486325765625,0.414578098794425,0.2726048271641432,1.38186972,-0.594243309,11580.2316,-111678.578,4.348481584373539,0.7985173329002306,4.0005353982021585,0.894413480920739,0.057991031028563456,0.894413480920739,1.4000777966057631,5563.298675841021,5732.800751173724,83.1016334441862,11379.201060458932,201.0305395410669,-1.382503170125263,11316.828199777765,-110373.53041679312,-0.5872593143925546,648119.6191684094,648119.6191684094,63180.31218430129,63180.31218430129,30042.831074963553,584939.306984108,584939.306984108,1.5768697,-0.02556256089390585,0.001307201259349818,1.6011250596345563,102.39267016965007
23,0.1796875,-0.04230507466640625,0.42389562394532926,0.2791611266761422,1.39002834,-0.588592892,11519.3273,-112416.12,4.344985434470939,0.7950131965135772,4.002046332086893,0.8845688070212746,0.05715651706400759,0.8845688070212746,1.394637804379433,5534.432006512963,5671.842029523634,81.00424354052288,11287.27827957712,232.04902042288086,-1.3907259125835276,11257.38143452469,-111103.01383933895,-0.5816742832973834,645654.8815289125,645654.8815289125,67886.83772067766,67886.83772067766,32280.82811472005,577768.0438082347,577768.0438082347,1.5752187,-0.02607951094550801,0.001772496690472434,1.5995257142550354,102.75340961741726
24,0.1875,-0.04176151675625,0.4330127018922193,0.2856046729290992,1.39830795,-0.582673231,11457.9493,-113422.065,4.341604706798335,0.7912890372456878,4.003817293668876,0.8739734970394613,0.056297902188243064,0.8739734970394613,1.38901216939503,5504.220481872181,5606.3848660785225,78.83169577173966,11189.437043722442,268.51225627755775,-1.3990608363175514,11197.47521003793,-112096.87658022587,-0.5758243515900036,643168.8298009994,643168.8298009994,72871.31861414322,72871.31861414322,34650.9955339937,570297.5111868562,570297.5111868562,1.5735144,-0.02653595574016022,0.0022634892799457615,1.5977868664602146,103.1142858751067
25,0.1953125,-0.04121795884609375,0.4419417382415922,0.29194345430001367,1.40677415,-0.576516036,11395.9601,-114664.755,4.338325170386809,0.7873498351632804,4.005786401756651,0.862577809141942,0.055423128105026115,0.862577809141942,1.3832570814424539,5472.682274492842,5536.004862119594,76.59487448675527,11085.28201109919,310.6780889008096,-1.4075170400608799,11136.976417451579,-113324.06392490587,-0.5697405861285021,640659.0513972018,640659.0513972018,78171.08012058007,78171.08012058007,37171.081842067346,562487.9712766218,562487.9712766218,1.5717586,-0.026933249904073427,0.0027787799421712333,1.595913069961902,103.47554080150466
26,0.203125,-0.0406744009359375,0.45069390943299864,0.2981846633272898,1.41527377,-0.570149301,11333.2387,-116116.234,4.335153876699195,0.7831988739619331,4.00788368489164,0.8503596399940089,0.05454503196792543,0.8503596399940089,1.377460871189119,5439.8505139974595,5460.44632277774,74.31358857988047,10974.61042535508,358.62827464491966,-1.416102648838296,11075.770303753703,-114756.8577536636,-0.5634508351302905,638123.3480578039,638123.3480578039,83557.2458809807,83557.2458809807,39732.25418337269,554566.1021768232,554566.1021768232,1.569953,-0.027272856509510973,0.0033170777463330044,1.593908778763178,103.83740316726217
27,0.2109375,-0.04013084302578125,0.4592793267718459,0.3043348017916495,1.42403367,-0.563597743,11269.6782,-117751.814,4.3320907809290645,0.7788414754077952,4.01003394383798,0.8373713852673262,0.05367613951518086,0.8373713852673262,1.371710628166957,5405.763149852985,5379.929178122223,72.0128141534625,10857.70514212867,411.97305787132973,-1.4248268274768814,11013.759085638514,-116370.58595741345,-0.5569799983291301,635560.2779097144,635560.2779097144,88799.95932200896,88799.95932200896,42225.2136012337,546760.3185877055,546760.3185877055,1.5680997,-0.02755688691040858,0.003877189929864746,1.591779396980544,104.20012745529566
28,0.21875,-0.039587285115624996,0.46770717334674267,0.3104006462524057,1.43285529,-0.556883186,11205.1847,-119549.687,4.329133178298877,0.7742828975411886,4.0121833011933905,0.823729378853377,0.05282497951758112,0.823729378853377,1.3660662123936222,5370.454069915046,5295.118887291622,69.71629304202978,10735.289250248696,469.8954497513041,-1.4337078474213178,10950.79465656233,-118148.7095635921,-0.5503422115580365,632966.1776151503,632966.1776151503,93560.87064743653,93560.87064743653,44489.071593822744,539405.3069677138,539405.3069677138,1.5662002,-0.027787156196319884,0.0044602131241819115,1.589527143072138,104.56420766800585
29,0.2265625,-0.03904372720546875,0.4759858191164943,0.31638740365895585,1.44180877,-0.550024903,11139.675,-121490.584,4.326297784069501,0.769529395498438,4.0142702482997645,0.8096042733461218,0.0520045892949561,0.8096042733461218,1.3606172660128704,5333.987788536322,5207.026551780619,67.45666348397314,10608.471003800916,531.2039961990831,-1.442750295020672,10886.81663622042,-120069.3477302789,-0.5435604944609843,630340.3554655003,630340.3554655003,97734.22289477,97734.22289477,46473.53973347389,532606.1325707302,532606.1325707302,1.5642567,-0.02796582777358484,0.0050778094491977155,1.5871447183243874,104.92973777928745
30,0.234375,-0.0385001692953125,0.4841229182759271,0.3222996492577343,1.4510012,-0.543039921,11073.0761,-123557.475,4.3235737662661835,0.7645895455343651,4.016195166443259,0.7951527079473273,0.05122976663715401,0.7951527079473273,1.355468203435297,5296.4103097444695,5116.532595153243,65.26544651793526,10478.208351415647,594.8677485843527,-1.4519570485953968,10821.792336448725,-122112.7471949387,-0.5366561268968887,627683.001518558,627683.001518558,101358.6997630896,101358.6997630896,48197.01248195288,526324.3017554685,526324.3017554685,1.5622712,-0.028095091713940448,0.005730028673755337,1.5846362630401851,105.29677752518116
31,0.2421875,-0.03795661138515625,0.4921254921257382,0.3281418692299808,1.46039832,-0.535943282,11005.3236,-125735.299,4.320966765761838,0.7594696338579032,4.017875700137793,0.7805322853184335,0.05051517760400767,0.7805322853184335,1.350721357111164,5257.771811841562,5024.556825826447,63.17178513744149,10345.50042280545,659.8231771945502,-1.4613354776136713,10755.677065704635,-124263.49000479265,-0.5296450093401678,624993.5960263335,624993.5960263335,104303.84717034524,104303.84717034524,49597.45769958562,520689.74885598826,520689.74885598826,1.560246,-0.02817743457604196,0.0064148376095891435,1.5820085969664532,105.66554310748027
32,0.25,-0.037413053475,0.5,0.33391816584509154,1.46991273,-0.528748283,10936.3608,-128010.732,4.318480043818679,0.7541796589201137,4.019272335082518,0.7659075679680337,0.04986795145602708,0.7659075679680337,1.3464271059495088,5218.144791020544,4932.12628939454,61.193921155251175,10211.465001570336,724.8957984296649,-1.4708907384,10688.437582,-126507.99603,-0.52254123261,622271.77051,622271.77051,106561.14992305725,106561.14992305725,50670.826332,515710.6205869427,515710.6205869427,1.5581831,-0.028215489043043964,0.007130357479677865,1.579268231563366,106.03616077
33,0.2578125,-0.03686949556484375,0.5077524002897476,0.3396352674146898,1.47963543,-0.521466682,10866.1378,-130371.976,4.316115161182238,0.7487255450170821,4.020351612701895,0.7514293581870262,0.04929392474672396,0.7514293581870262,1.3426270354650713,5177.571061517452,4840.192004815377,59.34606806311583,10077.109134395945,789.0286656040553,-1.4806630035361743,10619.810742786709,-128845.53998798515,-0.5153383906170417,619509.2279450453,619509.2279450453,108022.40614788444,108022.40614788444,51365.667373488715,511486.82179716084,511486.82179716084,1.5560844,-0.028211938163075226,0.007874852822745535,1.5764214853403296,106.4095367792798
34,0.265625,-0.0363259376546875,0.5153882032022076,0.34529415285989484,1.48953446,-0.51410888,10794.6108,-132808.578,4.313872054715327,0.7431146793072119,4.021080291562013,0.7372551553240219,0.04879862719221899,0.7372551553240219,1.3393607406984573,5136.100276821405,4749.752246706522,57.64157199964769,9943.494095527574,851.1167044724261,-1.4906282662751498,10549.978287986367,-131253.81579046563,-0.5080663019817655,616712.7326753755,616712.7326753755,108729.16323774852,108729.16323774852,51701.73699910059,507983.56943762704,507983.56943762704,1.553952,-0.028169421733938407,0.00864724523699102,1.5734741764969478,106.78511960907288
35,0.2734375,-0.035782379744531245,0.5229125165837972,0.35089799518638554,1.49969269,-0.506684088,10721.7415,-135311.261,4.311738183804773,0.7373524934858102,4.021426220738904,0.723529455792791,0.04838532717764474,0.723529455792791,1.33665305114803,5093.753550876801,4661.725698529818,56.08933516486473,9811.568584571483,910.1729154285167,-1.5007905389801153,10478.9342714694,-133723.48800410083,-0.5007348772191202,613882.4262956588,613882.4262956588,108706.06000701568,108706.06000701568,51690.75119617882,505176.3662886431,505176.3662886431,1.5517877,-0.0280904214020274,0.009453467112263468,1.5704246542897642,107.16300785364744
36,0.28125,-0.035238821834375,0.5303300858899106,0.35645339134129556,1.51008259,-0.499200469,10647.4961,-137871.784,4.309734466060187,0.731440541858747,4.021356553685552,0.7103901765240331,0.048062985395772743,0.7103901765240331,1.3345657541614875,5050.564655943764,4576.989567680096,54.70387413083247,9682.258097754693,965.2380022453071,-1.511199551556592,10406.381151661435,-136256.88049536082,-0.493333813838499,611008.6356373191,611008.6356373191,107687.97701098498,107687.97701098498,51206.643181947715,503320.65862633404,503320.65862633404,1.5495933,-0.027977401311041435,0.01029460920229874,1.5672760921087425,107.54429430797722
37,0.2890625,-0.03469526392421875,0.5376453291901642,0.3619603644939948,1.52068227,-0.491665264,10571.8452,-140482.81,4.307853923336477,0.7253864348860756,4.020839747129255,0.69799806035141,0.047835696034537,0.69799806035141,1.3331289562215778,5006.575753042567,4496.570157951017,53.495432994385475,9556.641343987969,1015.2038560120309,-1.5218253908699144,10332.542724755589,-138836.75942862415,-0.4858877861713923,608098.8482381154,608098.8482381154,105803.63177173336,105803.63177173336,50310.619345525236,502295.2164663821,502295.2164663821,1.5473705,-0.027832905791521454,0.011169467831154573,1.5640339379603672,107.92829865444746
38,0.296875,-0.0341517060140625,0.5448623679425842,0.36742249684998757,1.53152462,-0.484084908,10494.7631,-143137.791,4.306095478598073,0.719192288960336,4.019872108719868,0.6864763437437931,0.04770389497970117,0.6864763437437931,1.3323467527610326,4961.797903021171,4421.2818960774775,52.46743218238833,9435.547231281036,1059.215868718964,-1.5326854127544707,10257.343440053375,-141459.13905979175,-0.47839901667819174,605150.5959633212,605150.5959633212,103150.47174564691,103150.47174564691,49049.01686648007,502000.1242176743,502000.1242176743,1.5451208,-0.02765950316053609,0.012076919117351701,1.560703384043184,108.3153963801666
39,0.3046875,-0.03360814810390625,0.5519850541454905,0.37284441228402115,1.54259957,-0.476465129,10416.2275,-145830.87,4.304458428329386,0.7128615182811645,4.018477970830347,0.6759690105256734,0.047663409583173326,0.6759690105256734,1.3321909855336116,4916.25139688216,4352.099060267868,51.62050944707013,9319.970966597097,1096.256533402904,-1.5438133767629123,10180.615753644242,-144122.32252618478,-0.4708652141283756,602158.256910401,602158.256910401,99108.33133528956,99108.33133528956,47126.94118607811,503049.92557511147,503049.92557511147,1.5428458,-0.027459693003352804,0.01301595536942763,1.5572895376339253,108.70628975966414
40,0.3125,-0.03306459019375,0.5590169943749475,0.37822511447954704,1.55392865,-0.46881104,10336.2191,-148556.782,4.302942640680485,0.7064032784263231,4.01667687846583,0.6667219501082146,0.0477109603691093,0.6667219501082146,1.3326395284801942,4869.996585753139,4290.639666492324,50.9651498689466,9211.60140211441,1124.617697885591,-1.55517026287971,10102.634043871756,-146813.06390365784,-0.4633071790723189,599130.5493750556,599130.5493750556,93753.50936200986,93753.50936200986,44580.67310955351,505377.0400130457,505377.0400130457,1.540547,-0.02723585839472196,0.01399029828591972,1.5537925601088025,109.10012850035058
41,0.3203125,-0.03252103228359375,0.5659615711335886,0.3835724580973106,1.56554714,-0.461127214,10254.7214,-151310.779,4.301552627432076,0.6998137459085314,4.014460860308559,0.6589095727480646,0.047848627853919544,0.6589095727480646,1.3337071425008975,4823.009341993148,4238.024264201315,50.51329503759655,9111.546901232061,1143.1744987679394,-1.566837940703628,10022.95879904224,-149537.59946752837,-0.4557075791149537,596052.6443586113,596052.6443586113,87357.95246923124,87357.95246923124,41539.52581671361,508694.69188938016,508694.69188938016,1.5382259,-0.026990326604305677,0.015001927050295131,1.5502142995540107,109.49862363161829
42,0.328125,-0.0319774743734375,0.57282196186948,0.3888827341842931,1.57747419,-0.453417762,10171.7203,-154088.551,4.300293045652487,0.6931067505723127,4.011827998767612,0.652616310742287,0.04807750781414586,0.652616310742287,1.3354016154509607,4775.387015901144,4194.793849778276,50.27015967618712,9020.451025355607,1151.2692746443936,-1.5787439987197234,9942.061607258558,-152279.91829158048,-0.44809452015094775,592939.7171608516,592939.7171608516,80461.31854258433,80461.31854258433,38260.11169416677,512478.39861826727,512478.39861826727,1.5358837,-0.026725338351296892,0.016049672225480524,1.5465593661258168,109.90022522141027
43,0.3359375,-0.03143391646328125,0.5796011559684815,0.39416458261723686,1.5896862,-0.445686391,10087.2039,-156886.159,4.299159147120666,0.6862791185170093,4.008777553162445,0.6478969051819577,0.04839693232637004,0.6478969051819577,1.3377190562399877,4727.0990311028445,4161.292628547915,50.23820729967428,8938.629866950432,1148.5740330495682,-1.5909863935578687,9859.43533796843,-155047.19291059714,-0.4404483197580466,589774.349940241,589774.349940241,73011.67997458704,73011.67997458704,34717.73867747429,516762.669965654,516762.669965654,1.5335217,-0.026443258709650863,0.017132443224763507,1.542832515484887,110.30694493014538
44,0.34375,-0.030890358553125,0.5863019699779287,0.399413653453744,1.60215456,-0.437936469,10001.1625,-159699.977,4.298151198431469,0.6793423680129929,4.005308181854051,0.644819611471664,0.048807169429569544,0.644819611471664,1.3406616043245347,4678.221530059354,4137.943620422501,50.423414679286886,8866.58856516114,1134.5739348388597,-1.6034844772414725,9775.580648702216,-157825.37657565225,-0.43279515067977287,586572.5377000496,586572.5377000496,65137.12457671235,65137.12457671235,30973.31372245525,521435.41312333714,521435.41312333714,1.5311411,-0.02614631486361684,0.018251881452551796,1.5390355334110648,110.71709184377038
45,0.3515625,-0.03034680064296875,0.5929270612815711,0.4046389927095631,1.61494685,-0.43017107,9913.58806,-162526.63,4.297270792336348,0.6722923623549323,4.001419308575321,0.643456890566598,0.04930858062683766,0.643456890566598,1.3442318369703867,4628.724076489872,4125.189590261821,50.83377367538074,8804.747440427072,1108.8406195729276,-1.6163479162954557,9689.960429599822,-160621.09044686623,-0.425115487107751,583315.5077897445,583315.5077897445,56766.35223574199,56766.35223574199,26992.93295647929,526549.1555540025,526549.1555540025,1.5287431,-0.025836596455820787,0.01942177555933983,1.5351579208964812,111.13286133918216
46,0.359375,-0.0298032427328125,0.5994789404140899,0.4098362003482934,1.62806682,-0.422393027,9824.47457,-165362.945,4.296522325969217,0.6651445001418977,3.9971193202306132,0.6438886445480169,0.04990050095643406,0.6438886445480169,1.3484248224767046,4578.713514250879,4123.521588282455,51.47852152386922,8753.713624057204,1070.7609459427968,-1.6294967408930405,9603.058931216754,-163422.65337803567,-0.41743217763674495,580018.7663961791,580018.7663961791,48035.51027068943,48035.51027068943,22841.33570679916,531983.2561254897,531983.2561254897,1.5263285,-0.02551597410487146,0.02064315924040466,1.5312013148644668,111.55261203456276
47,0.3671875,-0.02925968482265625,0.6059599821770412,0.41501230161213337,1.64157126,-0.414604976,9733.81758,-168205.901,4.295907861514968,0.6578941746689676,3.9923931222479614,0.6461549354063868,0.05058578987783452,0.6461549354063868,1.3532602991629008,4528.156129052002,4133.14230460509,52.36915848562979,8713.667592142721,1020.1499878572795,-1.643016586562876,9514.495757367806,-166233.08516461693,-0.40973311866346446,576668.3169581688,576668.3169581688,39890.07684125997,39890.07684125997,18968.10570693989,536778.2401169088,536778.2401169088,1.5238983,-0.025186385507384498,0.021914813950392752,1.5271698715569917,111.9780197978402
48,0.375,-0.0287161269125,0.6123724356957945,0.42016608445231063,1.65541205,-0.406809396,9641.61426,-171052.578,4.295428238673012,0.6505526341650777,3.9872635892215365,0.6500556572230002,0.051360774908579244,0.6500556572230002,1.3587123708376476,4477.125839598673,4152.750916630969,53.49245172981434,8683.369207959457,958.2450520405437,-1.6568743493050109,9424.500143157764,-169046.12022911335,-0.40202944029594456,573270.9629641408,573270.9629641408,33389.44025779572,33389.44025779572,15876.992035531484,539881.522706345,539881.522706345,1.5214534,-0.024849771977028274,0.023235964729571703,1.5230672072474565,112.40838537715429
49,0.3828125,-0.02817256900234375,0.6187184335382291,0.4252997495411078,1.66960919,-0.399008648,9547.86338,-173900.117,4.295083234380666,0.643124026771007,3.9817035461908845,0.6552118148527395,0.05222994803163021,0.6552118148527395,1.364812124805038,4425.646413484037,4179.853262379036,54.82917453328431,8660.328850396358,887.534529603643,-1.6710886645631364,9333.045972573356,-171859.3866344265,-0.3943224398907569,569824.645419221,569824.645419221,29153.357542422997,29153.357542422997,13862.694969915883,540671.2878767981,540671.2878767981,1.5189944,-0.024507873827023737,0.024609475831156108,1.5188927979958675,112.844038885927
50,0.390625,-0.027629011092187503,0.625,0.4304180386410289,1.68419588,-0.391205013,9452.56523,-176745.671,4.294872729858796,0.63560882711322,3.9757330678420364,0.6612133169111147,0.05318994366946004,0.6612133169111147,1.3715356450472198,4373.716333436477,4211.814190413801,56.348390526112524,8641.87891437639,810.6863156236104,-1.68571856215,9239.9274526,-174672.369935,-0.38660746023000003,566320.70646,566320.70646,26909.083312930652,26909.083312930652,12795.5215225,539411.6231470692,539411.6231470692,1.516522,-0.02416231957541262,0.02603516954593358,1.5146491500294788,113.2860889
51,0.3984375,-0.02708545318203125,0.6312190586476298,0.4355179299115109,1.6991394,-0.383400725,9355.72169,-179586.364,4.294796684358086,0.6280201728248436,3.969344368311817,0.6677751682762898,0.054242052674377976,0.6677751682762898,1.378891412056344,4321.421188017991,4246.776816109923,58.03323430305754,8626.23123843097,729.4904515690305,-1.7007053760739417,9145.482330914909,-177478.80264158524,-0.37889763148155786,562769.8564291038,562769.8564291038,25725.70594054495,25725.70594054495,12232.814481850846,537044.1504885588,537044.1504885588,1.5140368,-0.02381465933313786,0.027511813136615,1.5103396461965228,113.73336385100978
52,0.40625,-0.026541895271875,0.6373774391990981,0.44060567860660194,1.71453586,-0.37559801,9257.33618,-182419.242,4.294854995567192,0.6203560953435097,3.962588687422192,0.6747031623903089,0.055377718024166814,0.6747031623903089,1.386819006099088,4268.742452075689,4283.53317564759,59.86296107418892,8612.138588797467,645.1975912025337,-1.7161349261673373,9049.404226437233,-180278.54297975978,-0.37118547400775437,559159.3101342949,559159.3101342949,25693.32687066022,25693.32687066022,12217.417930404981,533465.9832636346,533465.9832636346,1.5115392,-0.02346636175235841,0.029031991901820913,1.5059735698505377,114.18745513777894
53,0.4140625,-0.025998337361718752,0.6434768838116876,0.44568127641080263,1.73035955,-0.367799116,9157.4138,-185241.228,4.295047554607362,0.6126246760006537,3.955485322878649,0.6817333019143119,0.056593705288118926,0.6817333019143119,1.3952950781237101,4215.730659297428,4320.407192666995,61.814880205021666,8597.952732169446,559.4610678305544,-1.7319972856052248,8951.816214503484,-183067.51127889607,-0.3634768735120237,555491.8687487192,555491.8687487192,27131.355899197406,27131.355899197406,12901.2142221867,528360.5128495218,528360.5128495218,1.5090297,-0.0231188775366147,0.030564395225839723,1.5015841823107745,114.64812765477865
54,0.421875,-0.0254547794515625,0.649519052838329,0.45074389570716844,1.74662967,-0.360006354,9055.96135,-188049.077,4.295374052693037,0.6048360905582834,3.948083186661104,0.6884721522038737,0.057881811005322366,0.6884721522038737,1.4042614936110114,4162.450488371358,4354.94893329997,63.846762891608876,8581.246184562939,474.71516543706093,-1.7482694134121313,8852.886933601343,-185841.7866726232,-0.3557784762560454,551772.203253588,551772.203253588,30263.350602498213,30263.350602498213,14390.50708171655,521508.8526510898,521508.8526510898,1.5065086,-0.0227735116083044,0.0321047623076313,1.497177349300673,115.11491324629978
55,0.4296875,-0.02491122154140625,0.6555055301063447,0.4557999602216161,1.76337421,-0.352222128,8952.98746,-190839.322,4.295835312999079,0.596987866589129,3.940408925453354,0.6945222146888649,0.05923773125762093,0.6945222146888649,1.4136871663471537,4108.880605844716,4384.679251503087,65.91662339246243,8559.476480740264,393.5109792597359,-1.7650471380886148,8752.3191932196,-188599.1902068429,-0.34808450601741003,547986.7200402966,547986.7200402966,34836.38901801247,34836.38901801247,16565.02974339392,513150.3310222841,513150.3310222841,1.5039759,-0.02243142568245548,0.03365298449531485,1.4927543411871402,115.58955065370434
56,0.4375,-0.02436766363125,0.6614378277661477,0.46084886701189254,1.78059767,-0.344448977,8848.50271,-193608.219,4.296432163859622,0.5890886601501875,3.9325146125379318,0.6996149680348834,0.060652925220281644,0.6996149680348834,1.4235113431824458,4055.07616289559,4407.982191686763,67.98627356457955,8531.044628146934,317.4580818530667,-1.7823134424502383,8650.268154226673,-191335.37200709037,-0.3404013768125507,544139.2408557252,544139.2408557252,39879.54686521244,39879.54686521244,18963.09860455811,504259.69399051275,504259.69399051275,1.501432,-0.022093841925346837,0.03523870057549667,1.4882871413498502,116.0716709455849
57,0.4453125,-0.023824105721093752,0.667317390751957,0.46588999183667035,1.79829518,-0.336689613,8742.51981,-196351.691,4.297165059489405,0.581147545470105,3.9244220650851402,0.7036631087745607,0.06212383240071081,0.7036631087745607,1.4337080252260017,4001.094762516098,4424.364360472983,70.0379483784547,8495.497071367536,247.0227386324641,-1.800050596625372,8546.88079017433,-194046.4595378605,-0.3327347866501451,540233.5205956658,540233.5205956658,44955.108550096746,44955.108550096746,21376.575794489203,495278.41204556904,495278.41204556904,1.4988769,-0.02176177242371409,0.03689079594074703,1.4837478764829675,116.56090203994643
58,0.453125,-0.023280547810937503,0.673145600891813,0.4709272985845199,1.81655094,-0.328946964,8635.0538,-199065.265,4.298031744721249,0.5731680727074981,3.9161852754659403,0.7065911021779183,0.06364107820921813,0.7065911021779183,1.4442108527051765,3946.9534405353056,4433.4497268410705,72.0470307087194,8452.450198085096,182.60360191490327,-1.8183196132724284,8442.028368056714,-196728.08390651146,-0.3250842451886669,536261.7412683732,536261.7412683732,50200.727658623684,50200.727658623684,23870.916884501,486061.01360974956,486061.01360974956,1.4963106,-0.02143620401196164,0.03860811238481155,1.47913869162715,117.05831795347918
59,0.4609375,-0.022736989900781254,0.6789237807000135,0.47596489144418536,1.83535095,-0.32122422,8526.12228,-201743.998,4.299025643224371,0.5651510037611357,3.9078279524424078,0.7083174276965671,0.06519961513032707,0.7083174276965671,1.4549841327400819,3892.646198985173,4434.797114180099,73.99175924439292,8401.435072409666,124.68720759033386,-1.8371871471007588,8335.58853256081,-199374.39738794928,-0.31745035067649363,532215.6229349,532215.6229349,55599.09595163916,55599.09595163916,26437.891644524447,476616.5269832609,476616.5269832609,1.4937329,-0.021118053577174743,0.040387021038052084,1.474463932539123,117.56507882192047
60,0.46875,-0.022193431990625,0.6846531968814576,0.48099979132693044,1.85471312,-0.31352488,8415.74567,-204382.402,4.300142248069294,0.5571091144279207,3.899394560020034,0.7087583476217472,0.06679128134154325,0.7087583476217472,1.4659702690407392,3838.251953423532,4427.981137436385,75.84524453048445,8342.078335390403,73.66733460959767,-1.8565973957974222,8227.84188404384,-201981.35642286326,-0.3098416338212354,528104.4610631972,528104.4610631972,61089.307189086205,61089.307189086205,29048.53858611192,467015.15387411107,467015.15387411107,1.4911438,-0.020808177206545365,0.04221837122996774,1.4697336059765775,118.08012287586855
61,0.4765625,-0.02164987408046875,0.6903350635742038,0.48603364360425017,1.87470949,-0.305852812,8303.94756,-206974.358,4.301389668962657,0.5490481460682823,3.8909254622173917,0.7078341156227416,0.06841070112421105,0.7078341156227416,1.4771297630938138,3783.8125284873463,4412.602386131432,77.58288508708317,8273.997799705861,29.949760294139196,-1.876574893676368,8118.800798649003,-204543.58398554794,-0.3022612269858528,523925.93413679337,523925.93413679337,66684.41048883826,66684.41048883826,31709.062687212972,457241.52364795515,457241.52364795515,1.488543,-0.020507291652169444,0.04410086189363277,1.4649494297585366,118.60384198593988
62,0.484375,-0.0211063161703125,0.6959705453537527,0.4910714030886702,1.89531729,-0.298212309,8190.75506,-209513.023,4.302770590653045,0.5409691284892604,3.882453351312443,0.7054965076587798,0.07005287322343359,0.7054965076587798,1.4884262714977894,3729.3321675029324,4388.453574003169,79.18286558746289,8196.968607093564,0.0,-1.8972069220645011,8008.315082942804,-207052.12780756067,-0.2947107729603698,519669.34321455413,519669.34321455413,72266.63151329468,72266.63151329468,34363.46114557521,447402.7117012595,447402.7117012595,1.4859302,-0.020216098646546665,0.04603974165800004,1.460106556988547,119.13775502761116
63,0.4921875,-0.02056275826015625,0.701560760020114,0.49611512128731106,1.91654073,-0.290608159,8076.19921,-211990.717,4.3042733950987575,0.5328763502635143,3.8740107578621252,0.7017659403843486,0.07171043953943872,0.7017659403843486,1.4998086758691593,3674.8252224799207,4355.755587498005,80.62784726963957,8111.2086572475655,0.0,-1.9185312430907915,7896.40030946528,-209498.33987296317,-0.2871953341770426,515331.1949210732,515331.1949210732,77374.13131202213,77374.13131202213,36792.12520821823,437957.0636090511,437957.0636090511,1.4833051,-0.01993524701693455,0.048068051995038746,1.455172295021896,119.68248760870515
64,0.5,-0.020019200350000002,0.7071067811865476,0.5011628984031921,1.93846649,-0.283045718,7960.31551,-214398.807,4.30589930017703,0.5247825715053122,3.865655891631204,0.6967862809934244,0.0733739014243044,0.6967862809934244,1.5112095962482524,3620.3759065832164,4315.520429749172,81.91276706560942,8017.809103397998,0.0,-1.9405123932819817,7783.265650308654,-211876.990918013,-0.27972205636457176,510917.8660459461,510917.8660459461,81724.54290072384,81724.54290072384,38860.786725506594,429193.32314522227,429193.32314522227,1.4806673,-0.01966530246623874,0.05018983671651566,1.4501427657497228,120.23735187158836
65,0.5078125,-0.019475642439843753,0.7126096406869612,0.5062164154585992,1.961133,-0.275530994,7843.14444,-216727.572,4.30765381049712,0.5166916361900461,3.857405848509024,0.6907218851841229,0.07504132699801608,0.6907218851841229,1.522613912114883,3566.010509531041,4268.830835325839,83.04511974977139,7917.886464606651,0.0,-1.9631813071531377,7668.940652580121,-214179.1869699078,-0.27229623107654133,506426.69174118293,506426.69174118293,85529.06692012254,85529.06692012254,40669.87358316598,420897.6248210604,420897.6248210604,1.4780162,-0.019406764966958086,0.052397474115383,1.4450254908515743,120.80285131327669
66,0.515625,-0.018932084529687504,0.7180703308172536,0.511277369924227,1.9845014,-0.268070742,7724.73208,-218966.048,4.309529036778491,0.508609408820499,3.8493150153684264,0.6836574305452128,0.07670233690167728,0.6836574305452128,1.5339493219357543,3511.758117374923,4216.308558348517,84.01513470128914,7812.081810424729,0.0,-1.9865711541074365,7553.460140838317,-216394.89824249785,-0.26492384887384984,501854.8973631975,501854.8973631975,89201.65586149045,89201.65586149045,42416.22407367069,412653.2415017071,412653.2415017071,1.4753514,-0.01916012219890961,0.05465384800787973,1.4398576741910298,121.37955649057898
67,0.5234375,-0.018388526619531255,0.7234898064243891,0.5163534109256419,2.00871933,-0.260672571,7605.13088,-221101.86,4.311527897638386,0.5005308814134221,3.841395330574471,0.6756105303683393,0.07835542784398582,0.6756105303683393,1.5452041343875187,3457.5818653759557,4158.10840885159,84.8156295719028,7700.505903799448,0.0,-2.0108361537881407,7436.629012792912,-218501.21581953412,-0.2576133609854468,497185.0557183774,497185.0557183774,92719.90945531859,92719.90945531859,44089.186658754676,404465.1462630588,404465.1462630588,1.4726724,-0.01892576396619242,0.05695296361752937,1.4346452003486627,121.97009789577577
68,0.53125,-0.017844968709375006,0.7288689868556626,0.52144132984162,2.03374346,-0.253345059,7484.40045,-223121.027,4.31365187850705,0.49247021543472524,3.8336824094094166,0.666635471024963,0.07999491151627224,0.666635471024963,1.5563377419131819,3403.5760335769564,4094.6326413497354,85.43998716024878,7583.648662086941,0.0,-2.035918099461229,7318.716921177052,-220492.0887487967,-0.25037324932195987,492426.87476023636,492426.87476023636,95900.0647794528,95900.0647794528,45601.38034523744,396526.80998078355,396526.80998078355,1.4699784,-0.018704006369058546,0.05931184826414189,1.4293705581049163,122.57340712094751
69,0.5390625,-0.01730141079921875,0.7342087577794206,0.526542067020987,2.05956055,-0.246097889,7362.60848,-225007.743,4.315905235005752,0.4844336014425052,3.8261635705193595,0.6568071659125709,0.08162361074773203,0.6568071659125709,1.5673684173069424,3349.782066381167,4026.352635380667,85.89424738023068,7462.028949142064,0.0,-2.061839968323912,7199.815995015712,-222354.10818078372,-0.243212366437372,487579.61246813106,487579.61246813106,98813.27320931142,98813.27320931142,46986.63827953028,388766.33925881964,388766.33925881964,1.4672689,-0.01849518388601823,0.06179065846545576,1.4239734254205625,123.1898850000968
70,0.546875,-0.0167578528890625,0.739509972887452,0.5316574340989696,2.08633244,-0.238942004,7239.83183,-226744.127,4.318293830692755,0.4764260833085457,3.8188359389835065,0.6461925851604502,0.0832429819515415,0.6461925851604502,1.578304663012156,3296.234599338703,3953.696835614367,86.18267964046595,7336.114114593536,0.0,-2.088643943385558,7079.992178258051,-224070.04084838514,-0.236141108229788,482640.4513296396,482640.4513296396,101503.97118379653,101503.97118379653,48266.090405144954,381136.48014584306,381136.48014584306,1.4645431,-0.01829953105131219,0.06439307824519598,1.4184495528061163,123.82026952138995
71,0.5546875,-0.016214294978906252,0.7447734554883115,0.5367892801388675,2.11407304,-0.231888904,7116.15733,-228311.334,4.32083296229245,0.46845164013923807,3.811682511384037,0.6348495109253072,0.08485840848473558,0.6348495109253072,1.5891809002473911,3242.9677884085327,3877.0187614663773,86.31297092056,7206.299520795469,0.0,-2.116375148792079,6959.321135541976,-225623.52973713755,-0.22916933160412126,477607.2347733339,477607.2347733339,103953.8431440869,103953.8431440869,49431.02750206202,373653.391629247,373653.391629247,1.4618003,-0.01811729610970164,0.0670783754614631,1.4128392206482383,124.46528529179064
72,0.5625,-0.015670737068750003,0.75,0.5419394963511529,2.14276569,-0.224938989,6991.6771,-229708.807,4.323524369983862,0.4605158195414281,3.804704295672376,0.6228416064863822,0.08647001238524792,0.6228416064863822,1.5999967039776672,3190.015979785261,3796.7230479865248,86.28862152472026,7073.027649296506,0.0,-2.1450814483,6837.8845915,-227012.22304,-0.2222983986,472479.79831,472479.79831,106292.20214330999,106292.20214330999,50542.93914,366187.59616669,366187.59616669,1.4590396,-0.01794864167887723,0.06978717101053299,1.4072010706683444,125.12569196
73,0.5703125,-0.015127179158593754,0.7551903733496608,0.5471164237444376,2.17254937,-0.218084477,6866.47988,-230949.441,4.326374752642358,0.45261391749669244,3.7978655621830453,0.6102146807433465,0.08808486507655192,0.6102146807433465,1.610799134005349,3137.34611612564,3713.065692744986,86.11808006648246,6936.529888937108,0.0,-2.17495584699138,6715.601750328684,-228231.9469254492,-0.2155262743770346,467244.94967158546,467244.94967158546,108428.19801397642,108428.19801397642,51558.62521214315,358816.7516576091,358816.7516576091,1.4562603,-0.017793734470683668,0.07252207056564743,1.4015319639050365,125.80477851804285
74,0.578125,-0.014583621248437505,0.7603453162872774,0.5523157606233007,2.20344278,-0.211318815,6740.64798,-232044.081,4.329383482563687,0.4447589243744297,3.791192350264924,0.5970456326198632,0.08969852204979341,0.5970456326198632,1.6215563191229085,3085.042283745786,3626.550579585698,85.80314504615613,6797.396008377639,0.0,-2.205916598609216,6592.728666988435,-229310.05952289936,-0.20884103268400367,461918.3058012919,461918.3058012919,110250.2271390551,110250.2271390551,52425.017151751264,351668.0786622368,351668.0786622368,1.4534615,-0.017652653695730283,0.07533746223152708,1.3957766914642031,126.50108751273872
75,0.5859375,-0.014040063338281256,0.7654655446197431,0.5575395536923187,2.23539841,-0.204636839,6614.25844,-233001.289,4.332574598769695,0.4369574447119552,3.784658575716838,0.5833945422124905,0.09131933717547619,0.5833945422124905,1.632321510642248,3033.1618573604173,3537.5245487432985,85.35628526861949,6656.042691372335,0.0,-2.238022094520103,6469.334175112418,-230254.29345633535,-0.20223791168044647,456500.33573575324,456500.33573575324,111889.00705231138,111889.00705231138,53204.27237226022,344611.32868344185,344611.32868344185,1.4506424,-0.01752547472820193,0.07825535226636642,1.3899125224618358,127.21546084366507
76,0.59375,-0.013496505428125,0.770551750371122,0.5627899122515594,2.26870086,-0.198034696,6487.3842,-233827.478,4.335943999613915,0.42921165128232475,3.7782524283318764,0.5693235763448311,0.09294859521367312,0.5693235763448311,1.6431028298932102,2981.7110922053107,3446.3591403450564,84.78370536992014,6512.8539379202875,0.0,-2.2713349593571213,6345.484098520323,-231070.50217543347,-0.19571330400388065,450991.0180228956,450991.0180228956,113351.21266231191,113351.21266231191,53899.56485530408,337639.8053605837,337639.8053605837,1.447802,-0.017412234031026933,0.08125143034667806,1.383962803684349,127.9488348520655
77,0.6015625,-0.01295294751796875,0.7756046028744286,0.5680690133796926,2.30325871,-0.191509782,6360.09531,-234527.008,4.3395008636712324,0.42152827493781275,3.7719804973474362,0.5548916898015313,0.0945867277206327,0.5548916898015313,1.6539005108569929,2930.7372485275437,3353.420794717611,84.09086416690616,6368.24890741206,0.0,-2.3059215362068057,6221.242197524712,-231762.65254597118,-0.1892647590880423,445389.85796937824,445389.85796937824,114619.25877973891,114619.25877973891,54502.532678413205,330770.5991896393,330770.5991896393,1.4449395,-0.01731298727447137,0.08425511307181938,1.3779973742026521,128.7022219786153
78,0.609375,-0.012409389607812502,0.7806247497997998,0.573379107323998,2.33907548,-0.1850607,6232.45996,-235102.261,4.343255134235722,0.4139099103232981,3.7658253051399795,0.540159908703898,0.0962383048492904,0.540159908703898,1.6647431606586383,2880.2591195111354,3259.0641602086926,83.28766864077944,6222.610948360608,9.849011639392302,-2.3418528174927826,6096.67108624977,-232332.89016230055,-0.18289094399384168,439696.2382987222,439696.2382987222,115694.70201956149,115694.70201956149,55013.91602660643,324001.5362791607,324001.5362791607,1.4420538,-0.017227705146368667,0.08726638301608254,1.372015122130286,129.47661862523037
79,0.6171875,-0.011865831697656253,0.7856128181235335,0.5787225251323825,2.37646317,-0.178687239,6104.54558,-235553.671,4.347205666644821,0.4063625068377925,3.7597784310461697,0.5251876798333344,0.09790453926644194,0.5251876798333344,1.6756377321941023,2830.3113419567803,3163.6408556517995,82.38113124418796,6076.333328852767,28.212251147232564,-2.37920588496969,5971.833150005554,-232781.53886642423,-0.17659164377637776,433909.4255375131,433909.4255375131,116590.8055867284,116590.8055867284,55440.02167824576,317318.6199507847,317318.6199507847,1.439144,-0.01715637883807773,0.09037621643480168,1.3659241624032763,130.27306651879863
80,0.625,-0.011322273787500003,0.7905694150420949,0.5841016872235664,2.41532781,-0.172390373,5976.4199,-235879.739,4.351365787261661,0.3988887443701319,3.753821011145644,0.5100352309522518,0.099590796019336,0.5100352309522518,1.6866174958966784,2780.915343499539,3067.496888224094,81.38226515809251,5929.7944968817255,46.625403118274335,-2.4180636556619164,5846.791476586937,-233107.09025405056,-0.17036777158408942,428028.3438343952,428028.3438343952,117259.13143053498,117259.13143053498,55757.816885872206,310769.2124038602,310769.2124038602,1.4362091,-0.017098936395659584,0.09362500105182633,1.3596830353438327,131.0927597027292
81,0.6328125,-0.010778715877343754,0.795495128834866,0.5895196834789389,2.45572616,-0.166172274,5848.15199,-236076.999,4.355752231047429,0.391494027644222,3.7479701369116443,0.49476107587546103,0.10129701568929726,0.49476107587546103,1.6976775329454747,2732.113282235978,2970.9958203460774,80.29760089668717,5783.406703478742,64.7452865212581,-2.4585298507258107,5721.604362435622,-233305.14771366282,-0.16422172558401338,422050.7496535164,422050.7496535164,117794.32305865965,117794.32305865965,56012.30552514295,304256.4265948568,304256.4265948568,1.4332482,-0.01705531907869489,0.09699109727011271,1.3533124218085821,131.93720768160196
82,0.640625,-0.010235157967187505,0.8003905296791061,0.5949831661539265,2.49792722,-0.160036345,5719.81336,-236139.976,4.36036169053922,0.3841775082546169,3.742188117708717,0.4794172265784042,0.10302892880508357,0.4794172265784042,1.7088558435092294,2683.8908177105736,2874.4161505229745,79.13766160685174,5637.4446298404,82.36873015960009,-2.5008083778357757,5596.301464668688,-233363.02347936897,-0.15815938787916448,415968.6076054837,415968.6076054837,118072.95608309764,118072.95608309764,56144.79814184099,297895.651522386,297895.651522386,1.4302601,-0.017025410078168345,0.1004350466041219,1.3468504634740466,132.80937950941163
83,0.6484375,-0.009691600057031256,0.8052561704203204,0.6004902659125473,2.54191171,-0.153987276,5591.47904,-236061.09,4.36519670707353,0.37695370323705796,3.736478723075436,0.46408176337055856,0.10478633066634908,0.46408176337055856,1.7201485135587316,2636.344903867242,2778.2249675752228,77.91292864053246,5492.4828000829975,98.99623991700264,-2.54488608477081,5471.011797952847,-233281.041301721,-0.15218294486286135,409789.39734032174,409789.39734032174,117990.46946375787,117990.46946375787,56105.57498062043,291798.92787656386,291798.92787656386,1.4272439,-0.0170091402492979,0.10396398910609729,1.3402890511432006,133.7087787762257
84,0.65625,-0.009148042146875007,0.8100925873009825,0.6060438360136813,2.58772636,-0.148031115,5463.22883,-235830.542,4.370279620496223,0.36982722629451403,3.730846027248979,0.44881871834858217,0.1065722655412075,0.44881871834858217,1.7315705730227855,2589.5154054858053,2682.802367711775,76.63471615771374,5348.952489355294,114.27634064470567,-2.5908749727218146,5345.811359396476,-233049.3905773446,-0.14629840527522253,403512.10336877237,403512.10336877237,117688.7970429879,117688.7970429879,55962.12691485701,285823.3063257844,285823.3063257844,1.4241986,-0.017006394308481197,0.10762049016375501,1.333584504144726,134.6369922687523
85,0.6640625,-0.008604484236718751,0.8149003006503311,0.6116468637870144,2.63570282,-0.142175363,5335.14846,-235436.162,4.375566366734024,0.3628049254895027,3.7252221625483157,0.43369185986404385,0.10839070069761814,0.43369185986404385,1.7431543138393002,2543.418603928669,2588.4742116183093,75.31538289332408,5207.208198440302,127.94026155969823,-2.6388963506212075,5220.782272541883,-232655.94096275058,-0.14051320481786916,397136.12496807997,397136.12496807997,117137.19914267001,117137.19914267001,55699.83693926754,279998.92582541,279998.92582541,1.421123,-0.0170170126095141,0.11141235827363113,1.3267276543358828,135.59566034707305
86,0.671875,-0.008060926326562502,0.81967981553775,0.6173024831666678,2.68569776,-0.136429095,5207.33098,-234863.215,4.381050106058622,0.35589268273906904,3.7195698974315596,0.4187642164869009,0.11024670143784372,0.4187642164869009,1.7549333979452681,2498.0876529354277,2495.5868127144568,73.96828715156929,5067.642752801455,139.68822719854506,-2.68908219465036,5096.014068121446,-232086.04166697597,-0.13483632964042233,390661.41194633325,390661.41194633325,116306.51773226484,116306.51773226484,55304.84013682826,274354.8942140684,274354.8942140684,1.4180161,-0.017040870622822148,0.11534649366159974,1.3197104769612225,136.58650261522465
87,0.6796875,-0.007517368416406253,0.8244316223920575,0.6230139886740779,2.73808052,-0.130803094,5079.87824,-234094.173,4.386703306472909,0.34909573982786307,3.71382244031996,0.40409869906144685,0.11214681102549173,0.40409869906144685,1.766955067556158,2453.540350433276,2404.467891938716,72.60805023055491,4930.616292602547,149.2619473974528,-2.741576113788046,4971.605085325341,-231322.28636143732,-0.12927845803073532,384088.3314229888,384088.3314229888,115198.54216269687,115198.54216269687,54777.98736068785,268889.78926029196,268889.78926029196,1.4148769,-0.01707782101451175,0.11942648583805966,1.3125282351764522,137.61148207650845
88,0.6875,-0.006973810506250004,0.82915619758885,0.6287848480646033,2.79308375,-0.12531003,4952.9024,-233108.44,4.392495873403068,0.34241962002762927,3.707931425526168,0.3897573983069533,0.11409407464614987,0.3897573983069533,1.7792431314756545,2409.796653341489,2315.4555865778816,71.24720827256766,4796.499448191939,156.4029518080606,-2.796532636903429,4847.664011440227,-230344.23422569473,-0.12385213561646034,377417.93702374346,377417.93702374346,113786.4554211389,113786.4554211389,54106.5268697034,263631.48160260456,263631.48160260456,1.4117043,-0.01712769921730404,0.12365578045191494,1.305176218765389,138.67272760781887
89,0.6953125,-0.006430252596093755,0.8338540040078959,0.6346187170820403,2.85038234,-0.119964649,4826.52777,-231882.029,4.398400962531576,0.33586982586200237,3.7018342680253795,0.3758004648115662,0.11609444908436593,0.3758004648115662,1.7918408308382994,2366.8797845725717,2228.8696883766215,69.90031963017968,4665.649792579374,160.87797742062594,-2.854120807627119,4724.311585546545,-229128.08508788733,-0.11857197221864786,370652.5032561483,370652.5032561483,112050.0975718276,112050.0975718276,53280.87242531925,258602.4056843207,258602.4056843207,1.4084972,-0.017190322778589232,0.12803771575682604,1.2976498070217632,139.7724499753271
90,0.703125,-0.005886694685937506,0.8385254915624212,0.640519457573923,2.91077644,-0.114784009,4700.89273,-230387.19,4.404404297874856,0.32944901372942637,3.695481686183365,0.36228873489767927,0.11815376861524853,0.36228873489767927,1.804788302510682,2324.800997146479,2145.0443617925566,68.58241948275902,4538.427778421795,162.46495157820482,-2.91452516302881,4601.682488184758,-227646.30368703482,-0.11345487309580882,363795.524777276,363795.524777276,110021.47434192522,110021.47434192522,52316.24305101477,253774.05043535077,253774.05043535077,1.4052545,-0.017265510857049703,0.13257842538863635,1.2899415854684135,140.91311442444203
91,0.7109375,-0.005343136775781257,0.8431710977020026,0.6464911548907879,2.97406238,-0.109787744,4576.15185,-228591.97,4.410485536042765,0.32316293320583556,3.6888074801865214,0.34925025760431133,0.12027967597604046,0.34925025760431133,1.8181390120868146,2283.59107659013,2064.1113348363715,67.3037679158137,4415.006179342315,161.1456706576855,-2.977945774685378,4479.927446864179,-225867.18496434065,-0.10852030639270258,356851.92900489894,356851.92900489894,107871.79931437646,107871.79931437646,51294.05241146357,248980.12969052247,248980.12969052247,1.4019752,-0.017353103742154166,0.13728673126198684,1.2820415724801675,142.0974907326671
92,0.71875,-0.004799578865625001,0.8477912478906585,0.652538135662541,3.04050403,-0.104998376,4452.47838,-226459.719,4.41659888682342,0.31701689039123215,3.681758854329662,0.33667488718811867,0.12247333874895971,0.33667488718811867,1.8319071431708416,2243.2658969210956,1985.9872542801484,66.06366667891236,4295.316817880156,157.16156211984344,-3.0446004738168275,4359.215586479433,-223754.35854117322,-0.10379060794511394,349828.8524102519,349828.8524102519,105690.36210232055,105690.36210232055,50256.75855524994,244138.49030793138,244138.49030793138,1.3986581,-0.017452915788209428,0.1421499707136299,1.2739610450745795,143.3284657536916
93,0.7265625,-0.004256020955468752,0.852386356061616,0.6586649899990901,3.11067973,-0.10044166,4330.0669,-223948.512,4.422739560869175,0.31101442787981853,3.6742783186698054,0.32455103476568903,0.12474354036656146,0.32455103476568903,1.8461511602689515,2203.8513407176392,1910.5809446322835,64.86515460173514,4179.297439951658,150.7694600483419,-3.114728505096048,4239.7370585542,-221266.22163015328,-0.09929132824400727,342736.02299063664,342736.02299063664,103469.4887250984,103469.4887250984,49200.71243258853,239266.53426553827,239266.53426553827,1.3953021,-0.017564757593888838,0.1471394387168801,1.2657274188770087,144.60919377894228
94,0.734375,-0.003712463045312503,0.8569568250501305,0.664876594557904,3.18424805,-0.0961469942,4209.13641,-221010.497,4.428881991415798,0.30515877801723634,3.6663070767044266,0.31286849886713597,0.12709581911856202,0.31286849886713597,1.8609113046920411,2165.361293814595,1837.8119422562452,63.709397303646455,4066.8826333744864,142.25377662551364,-3.1885900482485035,4121.705984915168,-218355.29383394608,-0.09505162964987773,335586.02477658156,335586.02477658156,101217.82591575039,101217.82591575039,48130.0256461464,234368.19886083118,234368.19886083118,1.3919063,-0.01768845325829277,0.15229970754684422,1.2572950457114487,145.94327855239374
95,0.7421875,-0.003168905135156254,0.8615030470056388,0.6711781349067887,3.26217164,-0.0921478741,4089.93371,-217591.143,4.4349978506008,0.29945497734458193,3.657783255850888,0.3016150861936198,0.12953576579165205,0.3016150861936198,1.8762288291127636,2127.8222382295776,1767.58953456518,62.59694682536553,3958.0087196201234,131.92499037987636,-3.266468734928162,4005.3637587096378,-214967.48400380538,-0.09110473592777012,328395.39854452433,328395.39854452433,98934.26139379323,98934.26139379323,47044.169296120555,229461.13715073108,229461.13715073108,1.3884694,-0.017823763109500755,0.15773750756524382,1.2485556555442567,147.3345418910045
96,0.75,-0.002625347225000005,0.8660254037844386,0.677575132236254,3.3442473,-0.0884824206,3972.73732,-213628.389,4.441060670064103,0.2939069116238006,3.6486609169013637,0.2907795356770846,0.13206662552712314,0.2907795356770846,1.89212894399763,2091.254551264488,1699.8387963593016,61.5272229697656,3852.6205705935554,120.1167494064448,-3.348675826723261,3890.9827440490067,-211041.2610394916,-0.08748844201041411,321185.5513722182,321185.5513722182,96600.91408795248,96600.91408795248,45934.64076539555,224584.63728426566,224584.63728426566,1.3849905,-0.017970531153515983,0.1634318808322243,1.2395291503212917,148.78707908736294
97,0.7578125,-0.002081789314843756,0.8705242673240075,0.6840734709916695,3.43080191,-0.0851939745,3857.86177,-209051.673,4.447063172314773,0.2885205295632335,3.6388660296030566,0.2803519706842228,0.134699523785286,0.2803519706842228,1.908686375025156,2055.703206020353,1634.481741970755,60.503439942036515,3750.6883879331444,107.17338206685554,-3.4355502035990497,3778.8704268671404,-206506.71480279617,-0.0842456905790851,313983.3052608625,313983.3052608625,94202.58276371384,94202.58276371384,44794.21172437226,219780.72249714864,219780.72249714864,1.3814683,-0.018128543965082188,0.16931208754408728,1.2302847564209953,150.3055909855935
98,0.765625,-0.0015382314046875067,0.875,0.6906794272900636,3.52281692,-0.0823317751,3745.66259,-203780.825,4.4529505101139355,0.28330216270739844,3.62833920343774,0.2703289143434498,0.13743521777936582,0.2703289143434498,1.9259156426769901,2021.1947061108476,1571.4869369469627,59.52520900253817,3652.2068520603484,93.4557379396515,-3.5274625182,3669.3740634,-201284.50008,-0.0814252203595,306822.546165,306822.546165,91706.12414102115,91706.12414102115,43607.1222325,215116.42202397884,215116.42202397884,1.3779017,-0.01829762790532324,0.17533114432124527,1.2208681835840776,151.89514976499999
99,0.7734375,-0.0009946734945312577,0.879452954966893,0.6973996999240946,3.61990564,-0.0799517305,3636.5418,-197724.818,4.458722895102707,0.2782603824466063,3.6170458715535814,0.260706372336826,0.14027950392485433,0.260706372336826,1.9438543764107794,1987.7980200195548,1510.831589762764,58.59442026785476,3557.2240300501735,79.31776994982647,-3.6248175438165124,3562.8859017329028,-195284.63748731036,-0.07908230176484868,299745.79472976376,299745.79472976376,89087.07770182764,89087.07770182764,42361.74108400788,210658.7170279361,210658.7170279361,1.3742896,-0.01847759383854644,0.18138083016211298,1.2113863636764333,153.5611583065075
100,0.78125,-0.00045111558437500865,0.8838834764831844,0.7042414397644284,3.72314409,-0.0781172921,3530.95428,-190780.338,4.46437810388525,0.2734039573728595,3.60504529595327,0.2514791403326445,0.14322213465533007,0.2514791403326445,1.9624328270763198,1955.5825782668148,1452.5232296724616,57.70620353194054,3465.812011471217,65.142268528783,-3.728054388743874,3459.8489835727055,-188405.20446452554,-0.0772795449643613,292805.41612288734,292805.41612288734,86329.21901852071,86329.21901852071,41050.35341138099,206476.1971043666,206476.1971043666,1.370631,-0.018668247780890435,0.18741686065891464,1.2018823871219755,155.30976955629313
101,0.7890625,9.244232578124734e-05,0.8882919002219934,0.711212282433873,3.83220985,-0.0769004476,3429.4148,-182830.174,4.470037712089626,0.26873788480897076,3.592683529314656,0.24264082670687326,0.14622569712916175,0.24264082670687326,1.9813722380933003,1924.6442894374563,1396.6681634992076,56.845746139164284,3378.1581990758286,51.25660092417138,-3.8376538634041064,3360.763757978923,-180530.73284351014,-0.07608786907522082,286066.1714533733,286066.1714533733,83410.76177134989,83410.76177134989,39662.59961522229,202655.40968202343,202655.40968202343,1.3669247,-0.018869377107810753,0.19336446987892233,1.1924296072288882,157.1476770271176
102,0.796875,0.0006360002359374964,0.8926785535678563,0.7183203804134197,3.94869922,-0.0763828474,3332.50616,-173741.377,4.475840735631072,0.26426843035183817,3.5803205434465264,0.2341816126071242,0.14925336536409112,0.2341816126071242,2.000393272548249,1895.0920227769284,1343.3373700368459,55.9999086295054,3294.4293014432797,38.07685855672025,-3.9541361875513634,3266.195104634199,-171530.86077557667,-0.0755873788700926,279607.67872901686,279607.67872901686,80363.04566867591,80363.04566867591,38213.38202082377,199244.63306034097,199244.63306034097,1.3631697,-0.019080831635988782,0.19908010013913235,1.1831704314968563,159.082039515112
103,0.8046875,0.0011795581460937454,0.8970437559004577,0.7255744288584053,4.07246541,-0.0766570815,3240.88823,-163363.186,4.481896094426123,0.26000111561011086,3.5683578792436967,0.22609265166463852,0.1522563691970712,0.22609265166463852,2.019142563700375,1867.0132025724356,1292.6032556899156,55.15340254082719,3214.7698608031787,26.118369196821277,-4.078060847411009,3176.7810980325376,-161257.43509897878,-0.07586899276393919,273526.6987687683,273526.6987687683,77217.95199401349,77217.95199401349,36717.86047754312,196308.7467747548,196308.7467747548,1.3593647,-0.019302412303046697,0.20439561060506514,1.1742715016979817,161.12092217194558
104,0.8125,0.0017231160562499945,0.9013878188659973,0.7329836929504607,4.20414844,-0.0778281285,3155.30834,-151524.666,4.488341481951455,0.2559399587820441,3.5571462416317043,0.21836374482694582,0.15519920671995846,0.21836374482694582,2.0373489228307147,1840.4938936816984,1244.4935430729988,54.29757382267261,3139.28501057737,16.023329422630013,-4.2100347391960655,3093.240619377388,-149545.25916993845,-0.07703440414196643,267941.0472288167,267941.0472288167,73994.66803279534,73994.66803279534,35185.15871958034,193946.37919602141,193946.37919602141,1.3555086,-0.019533952424953625,0.20939655405824478,1.1656459983667085,163.273049303712
105,0.8203125,0.0022666739664062435,0.9057110466368399,0.740558025018328,4.34462852,-0.0800149982,3076.61292,-138032.036,4.495317120011632,0.2520877346501917,3.5470706152578444,0.2109840214133032,0.15804108412563134,0.2109840214133032,2.0547047954998714,1815.6094877036776,1199.0292951848598,53.42320756014382,3068.061990448681,8.550929551318859,-4.3506981949273005,3016.3845802243854,-136209.98946076803,-0.0791974049589751,262993.1746926276,262993.1746926276,70720.2305127679,70720.2305127679,33628.13296458335,192272.94417985974,192272.94417985974,1.3516002,-0.01977527053553273,0.2141333214502357,1.157242149085297,165.54767209359247
106,0.828125,0.0028102318765624926,0.9100137361600648,0.7483078650305008,4.49438484,-0.0833274405,3005.74611,-122719.611,4.502938560685961,0.24844914341575658,3.5384807509539082,0.2039418436382207,0.16074296828867532,0.2039418436382207,2.0709204630865874,1792.4370771708952,1156.2016163378603,52.52290257625672,3001.1615960850127,4.584513914987383,-4.500726280215657,2947.1050825663533,-121166.8099171657,-0.08242896464465244,258848.9061834282,258848.9061834282,67422.0609925495,67422.0609925495,32059.822420889395,191426.8451908787,191426.8451908787,1.3476385,-0.020026217034956145,0.21852083698154925,1.1491438800534068,167.9549495280658
107,0.8359375,0.0033537897867187416,0.9142961773954871,0.7562442587929483,4.65456949,-0.087569621,2943.56135,-106086.801,4.511348363247544,0.24502432195325133,3.5317498882927545,0.19722537725182798,0.16326641249246499,0.19722537725182798,2.08570475618249,1771.0301476973182,1115.997262469443,51.59053589802066,2938.617946064782,4.943403935218157,-4.6608562984934085,2886.2227184230633,-104828.5996182458,-0.08657210811590371,255681.31235662464,255681.31235662464,64127.37150859528,64127.37150859528,30493.166667081805,191553.94084802936,191553.94084802936,1.3436222,-0.02028659590483605,0.22251007303661147,1.1413987228682243,170.50498798121396
108,0.84375,0.0038973476968749976,0.9185586535436918,0.7643788841313687,4.8258754,-0.0923363402,2890.51562,-89092.8662,4.520660024854461,0.24181677301235344,3.5272269427031917,0.19082334517173544,0.16557218035854473,0.19082334517173544,2.098769954707279,1751.453704632635,1078.3886338331517,50.62083054990203,2880.463169015689,10.052450984311236,-4.83187325448042,2834.205845352048,-88081.84287277459,-0.09125360246282886,253634.7415842713,253634.7415842713,60849.59549573885,60849.59549573885,28934.553427429575,192785.14608853246,192785.14608853246,1.3395502,-0.020556271178912327,0.22600826762162135,1.1340982035572913,173.207898685367
109,0.8515625,0.004440905607031247,0.9228014412645875,0.7727241124282179,5.0090953,-0.097226119,2846.54344,-72701.0448,4.531011739816079,0.23882339518504012,3.525297929951233,0.1847234569313805,0.16761896831080753,0.1847234569313805,2.109811525124926,1733.7339326381432,1043.345787957366,49.60844389434611,2826.6881644898554,19.855275510144565,-5.01468389629254,2791.029824590639,-71864.54790536132,-0.09608114810518989,252814.88054477214,252814.88054477214,57695.36609704276,57695.36609704276,27434.68776167782,195119.5144477294,195119.5144477294,1.3354213,-0.02083508730799575,0.22901566916052454,1.127240718147471,176.07432538761947
110,0.859375,0.004984463517187496,0.9270248108869579,0.7813110964852208,5.20559739,-0.101839404,2811.05317,-57883.9939,4.542569570551224,0.2360340895060731,3.526316232769092,0.17890278755378985,0.1693755562970218,0.17890278755378985,2.118588633590055,1717.8558259096735,1010.7616544530514,48.548770503276074,2777.166250866001,33.88691913399907,-5.211280796000173,2756.629926946956,-57268.99309959104,-0.10062824928310343,253372.91587040777,253372.91587040777,54712.52105278595,54712.52105278595,26016.316964047197,198660.3948176218,198660.3948176218,1.3312343,-0.021122900806374544,0.23158488823387538,1.1207723125724989,179.1270544396498
111,0.8671875,0.005528021427343745,0.9312290266094587,0.7901460167736819,5.41689944,-0.105772315,2782.9178,-45639.0089,4.555443517905431,0.2334424411112486,3.5306774001780963,0.17335667265999935,0.17079435295455578,0.17335667265999935,2.124770962146093,1703.808874548714,980.6386228535788,47.43779170084334,2731.885289103136,51.032510896864096,-5.422516858144689,2729.473817394681,-45316.91377515491,-0.10446760887184305,255275.41819824578,255275.41819824578,51765.72120602209,51765.72120602209,24615.085995928413,203509.69699222367,203509.69699222367,1.3269878,-0.02141953257221112,0.23362474633125574,1.1147825862409553,182.37081303319636
112,0.875,0.006071579337499994,0.9354143466934853,0.7992400303925538,5.64417905,-0.108610328,2760.45727,-37003.6262,4.56969652799163,0.23103355124738853,3.538675346801444,0.168077805318391,0.17183686353169775,0.168077805318391,2.1281068391245204,1691.503135523327,952.9310603078286,46.27400609475022,2690.708201925906,69.74906807409388,-5.649645596883371,2707.71185204246,-36996.91238558822,-0.10719823046589999,258453.66852879364,258453.66852879364,49494.20680411555,49494.20680411555,23534.959591016766,208959.4617246781,208959.4617246781,1.3226808,-0.021724904614068934,0.23504428143991046,1.1093614231741584,185.81358627107574
113,0.8828125,0.006615137247656243,0.9395810236483068,0.8086108817458978,5.88888982,-0.109921789,2741.41223,-33071.8556,4.584372225820748,0.22876053686065062,3.549700507724298,0.16305739961702787,0.17244528634940856,0.16305739961702787,2.128476994373218,1680.2402095977325,927.3477412331946,45.05077158888472,2652.638722419812,88.77350758018792,-5.894478104425169,2689.1039026591984,-33375.60097771234,-0.10839835936723205,262797.16962760873,262797.16962760873,48586.134177704094,48586.134177704094,23103.162539436882,214211.03544990462,214211.03544990462,1.318312,-0.022038871139451473,0.23591094224814121,1.1044399288913103,189.46812951375384
114,0.890625,0.007158695157812492,0.9437293044088437,0.818278312995923,6.15427451,-0.109251159,2722.90866,-35011.2966,4.5978552505713655,0.22654731441643985,3.5625073207400106,0.15829163551015593,0.17255798830522573,0.15829163551015593,2.1259031367969814,1668.8780656502724,903.4916133091732,43.762631542014354,2616.13231050146,106.77634949854018,-6.159271659561277,2670.8390194137896,-35586.3726179514,-0.10763008082972986,268130.99478759937,268130.99478759937,49246.686904392875,49246.686904392875,23417.261556961974,218884.30788320652,218884.30788320652,1.31388,-0.022361270488670846,0.23622095706263405,1.1000203134260365,193.35021154203974
115,0.8984375,0.007702253067968748,0.9478594305064438,0.8282646362600868,6.4414345,-0.106111892,2701.41293,-44081.4059,4.6085123606102,0.22428244543998466,3.5758430843225506,0.15377711321649382,0.17211154604794157,0.15377711321649382,2.1203933020925176,1656.0232625590645,881.009416572534,42.40451529707454,2579.4371944286727,121.97573557132728,-6.446869987363471,2649.513146314174,-44837.372149847135,-0.10441063700863483,274139.50658377307,274139.50658377307,52260.42669110086,52260.42669110086,24850.32309442082,221879.07989267222,221879.07989267222,1.3093836,-0.022692004969192242,0.23589666833509157,1.096178936634101,197.47998572861667
116,0.90625,0.00824581097812499,0.9519716382329886,0.8385954228836222,6.75499322,-0.0999788147,2672.67649,-61653.202,4.614740417964579,0.2217116507104467,3.588464577739235,0.14950702554032602,0.17104597337089056,0.14950702554032602,2.111954029126087,1639.2537501125692,859.5688300284434,40.971781670510524,2539.7943618115232,132.8821281884766,-6.760857906918093,2621.072840929316,-62450.11257970333,-0.09828265790281074,280536.35535713646,280536.35535713646,58444.085069600784,58444.085069600784,27790.710656113122,222092.2702875357,222092.2702875357,1.3048215,-0.02303096983489584,0.23482403249555717,1.093028437339339,201.88471402902812
117,0.9140625,0.008789368888281246,0.9560661587986472,0.8493007844114995,7.09978597,-0.090279918,2631.66942,-89230.7153,4.614966507284676,0.21847071656539596,3.599147824385274,0.14547126656106169,0.16930311381656724,0.14547126656106169,2.1005699405358023,1615.370622302416,838.8557739925255,39.45958918878192,2493.6859854837235,137.9834345162767,-7.106032947727991,2580.815181034897,-89822.95830898013,-0.08867390550114726,286674.49698516645,286674.49698516645,69064.49988398621,69064.49988398621,32840.81751984435,217609.99710118026,217609.99710118026,1.3001922,-0.023378039064215834,0.23288744927131697,1.0906827897928988,206.60697645001397
118,0.921875,0.009332926798437488,0.960143218483576,0.8604163621404614,7.48430533,-0.0769183308,2572.48042,-128552.876,4.607614158069686,0.2139186377362088,3.606810330312142,0.14165898049677472,0.1668006379595908,0.14165898049677472,2.0860325902123944,1579.1926794458627,818.6114417872506,37.85752457887546,2435.661645811989,136.81877418801105,-7.487501857885845,2523.2331826034824,-128799.733227513,-0.0768932521359883,296789.7231319357,296789.7231319357,86093.09565568756,86093.09565568756,40938.07453751669,210696.62747624816,210696.62747624816,1.2954944,-0.023733129787597167,0.23024921409916402,1.0889783156884332,211.6661703115558
119,0.9296875,0.009876484708593744,0.9642030387838445,0.8719798846690042,7.90932688,-0.0690817822,2487.82835,-182921.08,4.5910331085599365,0.2070964250684202,3.609910005939923,0.13805792153227492,0.1635205171033357,0.13805792153227492,2.0685210489886465,1523.3279849643775,798.4874593516239,36.16962252212978,2357.9850668381314,129.84328316186838,-7.905381144622048,2441.6653693409817,-182601.95194690453,-0.0694755323604352,329512.89035863325,329512.89035863325,112253.40296733864,112253.40296733864,53377.54604788935,217259.48739129462,217259.48739129462,1.2907267,-0.024096132097200098,0.22694521318978295,1.0878776189074173,216.9180592363374
120,0.9375,0.01042004261875,0.9682458365518543,0.8840176077751785,8.35115122,-0.0788221616,2367.52875,-259716.595,4.555139644365606,0.19669688550642614,3.600008189103622,0.1346593815115144,0.1591885758769974,0.1346593815115144,2.0484107292335327,1435.5210741578117,776.6949793675707,34.344635112378235,2246.560688637761,120.96806136223904,-8.342948941469398,2327.84804517227,-257178.3457580754,-0.07775857276164946,419499.4113385103,419499.4113385103,152928.9244813759,152928.9244813759,72719.13806420586,266570.48685713444,266570.48685713444,1.2858877,-0.024466957267850507,0.22293197748949908,1.0874226797783515,221.80213163744676
121,0.9453125,0.010963600528906242,0.9722718241315028,0.896572255500368,8.76328507,-0.084329259,2192.48702,-384342.584,4.473112927626249,0.18125713637397955,3.555359098858717,0.13144842575952356,0.1529589714612552,0.13144842575952356,2.0258558677329845,1299.018603139674,748.7714124570958,32.21370948037109,2080.003725077141,112.48329492285893,-8.757593285442807,2155.7775866468482,-383608.25663982437,-0.08181978075466254,544489.9554637177,544489.9554637177,207023.89656145847,207023.89656145847,98441.80469912325,337466.0589022593,337466.0589022593,1.2809759,-0.024845511416834443,0.2176059012704117,1.0882155101464226,225.02460017967178
122,0.953125,0.011507158439062498,0.9762812094883317,0.9095251279550033,9.13516743,-0.0623813803,1935.38703,-561646.715,4.3077787802286975,0.16002403621004962,3.444942550655113,0.12842851297278984,0.143806038262264,0.12842851297278984,2.001486234081613,1104.457494635233,708.8491641671604,29.590272849401096,1842.8969316517946,92.49009834820549,-9.14649958098515,1899.6644033258606,-554518.4417579337,-0.059613531095554506,635753.0154290609,635753.0154290609,252607.9539326031,252607.9539326031,120117.45155756066,383145.06149645784,383145.06149645784,1.2759897,-0.025231702101745447,0.21070692870724828,1.090514473394497,226.37173073279283
123,0.9609375,0.01205071634921874,0.9802741963348827,0.9228432501063687,9.5129654,-0.0257904254,1588.4336,-714954.822,4.007149574190675,0.13376073444340011,3.225369539561681,0.12558195248454393,0.13029667243816556,0.12558195248454393,1.9754814739937554,858.7655063444902,648.9587685127649,26.216272910630302,1533.9405477678854,54.49305223211468,-9.550121986494336,1558.598808909801,-692261.9559966507,-0.025683787600987776,661082.2180096493,661082.2180096493,264213.44558802655,264213.44558802655,125635.97169922624,396868.77242162277,396868.77242162277,1.2709275,-0.025625450702011263,0.20277084869291556,1.0937821020090959,226.72734232205582
124,0.96875,0.012594274259374996,0.9842509842514764,0.9365728671155965,9.96628522,0.00630831918,1189.6287,-752432.168,3.524054495399362,0.10516298235963387,2.855977441680911,0.12287321137389262,0.11134617561974208,0.12287321137389262,1.947881275091835,593.766789910643,562.2408229872609,21.920119011893213,1177.927731909797,11.700968090202878,-10.027858354639005,1176.0338327646919,-709422.0845099557,0.0024048764542855088,594620.1192490765,594620.1192490765,228548.40635725742,228548.40635725742,108676.91100692753,366071.7128918191,366071.7128918191,1.2657878,-0.026026694834665853,0.19391205967824146,1.0979024351564244,227.6164424242099
125,0.9765625,0.013137832169531238,0.9882117688026185,0.9508428209084214,10.5714739,0.0170564226,822.56048,-598180.938,2.87469895969209,0.07817232711367768,2.3464678859191093,0.12028596025472299,0.08803851229549668,0.12028596025472299,1.9187589399440268,360.04418923289626,452.2097773110018,16.966725297561094,829.2206918414591,0.0,-10.656205601038788,825.9119303198212,-582682.2532132085,0.015246113962453983,447061.3054617926,447061.3054617926,158625.3071499965,158625.3071499965,75427.8214552044,288435.9983117961,288435.9983117961,1.260569,-0.026435358033659043,0.1842499210684386,1.1027544369652207,230.80088215481194
126,0.984375,0.013681390079687494,0.9921567416492215,0.9658681908403554,11.4193712,0.0174396286,554.975308,-386388.2,2.1954628801167724,0.05643809435545347,1.8050951040584002,0.1178678438945786,0.06506129600972872,0.1178678438945786,1.889032967930684,198.52208769340143,340.88337516100677,12.286507301627546,551.6919701560357,3.2833378439643184,-11.528240916571676,557.7982833406,-403989.86102914094,0.018833141080272515,281099.1645122869,281099.1645122869,85269.7312192522,85269.7312192522,40546.55702483326,195829.43329303467,195829.43329303467,1.2552692,-0.026851303354685496,0.17418935936267504,1.1079311439920105,238.5449561993004
127,0.9921875,0.014224947989843736,0.9960860906568267,0.9820231469606799,12.6627973,0.0265895394,365.750774,-309856.046,1.6345446374343782,0.04085299027193591,1.3535917011452665,0.11563294892903257,0.046825489381518565,0.11563294892903257,1.8594226485307312,106.98700486616019,250.77236639732914,8.675096611467934,366.4344678749573,0.0,-12.831450491525494,370.43378517833617,-295209.9472418956,0.023661850887432643,170149.53435056825,170149.53435056825,36801.58492883218,36801.58492883218,17499.498832526333,133347.94942173606,133347.94942173606,1.2498868,-0.02727451293182815,0.1635870837575662,1.113574229174262,255.0896912215323
128,1.0,0.014768505899999992,1.0,1.0,16.7631543,0.0136623883,235.793624,-168316.189,1.24416,0.030438,1.0374999999999999,0.113587,0.03444333333333334,0.113587,1.8305201903292183,60.67401589618255,188.81092872588889,6.268219522970635,255.7531641450421,0.0,-15.018612331,235.793624,-166340.30161,0.013502003604,93945.387741,93945.387741,13175.400270337464,13175.400270337464,6265.0264138,80769.98747066254,80769.98747066254,1.24442,-0.02770492108232885,0.15226804352222661,1.1198568775601023,289.31204102
